4.677558545631707,-6.941941109279318,-4.54260541202651,-4.498920673481669,-7.741391164257441,5.737429953968803,3.537126340894499,-3.2280300106614805,-2.3339862041442383,-3.621790131353355
-8.433928666053726,9.754230743509371,-6.258816143512049,-3.2273256311582323,7.146989843855333,8.305731782992517,-7.086530107503652,9.759291441075602,11.999545130801732,-6.843607125238785
-9.061128851686114,-1.5329816084788743,9.209289854464275,-4.879480255654228,-1.4439130760963326,8.112207184745566,2.483558817809169,4.445181540111419,5.007360501702406,-2.574489557495659
-1.4527305776606338,4.742773856800146,-4.798772962787883,-1.4858865950301634,6.787125303376014,9.413079201649833,2.3419042790577445,1.9089815068322342,1.659639997768334,-4.379488396225316
0.9529919818348436,-4.221042784942147,-4.362611960249893,-8.164129208009157,-2.495130636071507,1.9595273387838494,-1.2097099205511657,-6.7878747067028975,-5.957825689174018,3.094451456250212
6.552441424715804,8.493202153097874,5.178782894974136,-0.12003828962480534,8.385632316419391,8.76806337399736,3.6333653236488948,-6.627869196849269,-6.3974217060667335,0.9007788531651646
2.2780389816743023,-1.719092834809141,-1.5229605982114194,-9.096291564683563,-2.218370266235592,6.318014285962622,7.806586205777565,-8.954556799757968,-8.418233266184169,-4.916406212277453
-0.31808552083161024,-8.713475515410181,5.75201347885235,6.245685110220971,-10.372518622183339,-5.268473641772978,10.310095276486841,7.53823609866923,7.930373508714374,-5.872735313423811
-4.580573476063592,6.907942000019966,-8.217088412783713,-6.616319783737558,7.015475895667184,-1.2781528596686438,-1.7184136066806044,3.60041829242636,4.078843799693717,9.896578747193493
9.391508199615973,-10.490410327246206,-1.9954718178778683,0.6569793767260191,-7.339515137952446,2.911568902349528,-6.0790308311276,5.146901241536128,3.0305631205949934,-0.9724726446163549
-1.308358614748013,-2.7557130528895573,-9.866488833680444,8.698128869459419,-2.699955626806117,-4.751232783446569,9.453762780365825,-8.719155521587055,-9.114678037272496,3.620606153656854
-0.027047978795006422,8.173043068050864,-9.001882901296499,0.826293529778602,7.455509554325365,2.264896148210875,6.780249665062187,8.942657517216015,8.471815913258348,-7.145899777582397
-6.226691985162405,6.993655074362485,8.384919672582496,2.1936378328212207,10.601981916931805,5.200612800095387,-6.436381215704733,5.7596119877801115,7.204365462350684,0.734635464738721
5.017717173656528,1.6138215084251042,-6.021781571720971,-2.3909507189893286,2.042828983359724,-6.71119758332885,9.688730074286102,-4.797917228196724,-6.671904297920571,-9.639711788539907
4.616103429222393,3.429919931614662,-0.12332716909244112,-3.799726354666518,4.036338888541778,0.4995068410199469,7.287114680963479,-5.487453863328193,-6.780867469463072,-0.4649802188782711
-6.222195286300756,-1.1531466925548823,-2.276049794803711,3.9331299318356114,-2.3732173089187203,4.285378708560442,-0.01148191100009699,-4.8592391271803415,-6.62699971716923,8.99922265746596
-8.13569596871886,-4.593632952221198,-3.565667585469697,9.885934951329677,-5.501608721454148,1.0678182498096687,1.7695882663763727,-4.519135766778475,-2.9393384214645364,-1.7365189805272196
3.3066359740171274,-3.5860713247475875,7.195139323640909,4.466774165426255,-3.5756784023689776,-10.329121638562038,-1.6819883943652765,0.2655799772844102,1.413583076587171,-7.808052869958518
2.871358033887079,3.079786359139986,-9.910718559602474,2.1383514901704395,3.953153548435963,-9.775401818953728,-8.013463536689617,-3.0005837896831196,-2.6068170036040694,-10.009027920782309
-3.7685664849953033,3.699443476813433,4.046595943499753,3.2129394816019134,6.843851411680564,-1.903610375487275,-3.2918253080878297,-4.567888302100034,-4.120483085039313,-2.1413310140337263
7.977077525192309,5.116900197526538,8.21405318890666,-0.1086253408614607,6.5376597883321015,8.039623016704809,6.675955269983381,3.233628405027037,1.5274780396984173,-6.461143828800159
-5.033647090105062,6.313642760904893,1.6311780643897429,-9.002781001627545,5.549681579079045,-5.472393236667985,-8.268999807637003,-7.676618166187361,-8.468627697634497,-10.525536080165105
-3.174390048442458,-7.854199397649693,7.034547010643502,1.328768888076297,-9.202247146692086,2.670705367611223,-2.948706953912332,-3.516627234094813,-4.374124079720008,5.1446894462164545
8.274650720097119,0.056465900018448756,-9.51618041072173,8.424333789137787,1.1184066667707786,-4.875158074617497,-1.724973272176355,-2.8632662401239775,-2.981245922581986,-2.295213679704281
-1.2352417715358133,-9.843973281520492,-1.9536229187347587,-4.745804083725972,-9.813530225417828,-2.975855871298702,-0.7709987663316107,-0.5545432874377199,1.5481161706862419,-5.9841548642863085
3.3548331197170205,0.8090744843390432,-3.121984507844912,4.8401596363158905,2.619046201247032,6.740728060774851,5.766382191426148,4.555827838044605,6.136479053220969,8.368410068221873
-2.1485877613158197,-3.3464550189753153,4.341616994861907,-6.721097390791837,-1.4537746221389698,4.640877906895456,-2.684704383450607,-5.921314907198905,-7.384141857587043,-8.06109553732027
-4.573086656028141,7.932560319051386,7.424698336494015,-0.6180569174486077,9.344665727783847,-8.463793465259275,-3.155760193356318,-2.7064472026284907,-0.2800852358987097,9.320656986727604
10.090103044524179,-1.5528420411448594,-6.868287657976294,-8.452143638043456,-2.3027684588991484,-2.903571987190773,4.235242287280225,1.661395219078865,2.8696746726702482,-3.7385606294612934
-2.04438935115682,-9.132791803489988,3.11752161582817,-0.5580786287449915,-7.79565516089034,-9.159003869696582,-0.7121109780175127,-10.701464989315186,-6.98254897273012,6.791673397509826
9.275165331517595,-7.726094032261038,-5.424276489015289,5.363472421851144,-7.65956273076941,1.5099946928932473,-5.568307270397269,3.3568915545755824,0.5649137257908081,2.0136032276248943
-4.561558767946674,5.559319413059575,1.682060949059451,-1.795436690452115,4.889304757003366,2.364961093330298,0.17657057328776693,-5.812110173489659,-8.469441911393215,5.301045889814894
-4.865081568492699,3.6172039007527057,-0.5537801604322862,4.088154211925212,2.7926779587004598,-8.402977237639671,-7.096748724145025,-8.232297158328329,-6.828002964922628,11.071235622210688
-10.34347506568019,-8.425771093844345,10.602366190136408,6.878568241547491,-7.9003899813264775,-5.093028993460428,-7.219183554945701,10.498716972226045,9.36732492243757,-5.587861588485049
2.953948083111998,-9.010114206965948,1.6309542331922005,8.87041179019949,-8.911675285768757,-1.3186757112337384,0.957521693748883,8.36372414066635,8.444347929614821,9.026924437183279
-2.929939074245481,2.0504594867663157,-2.114962002236799,-6.69645709310192,3.8537512188647667,8.839105947317435,-1.838622084855244,7.915310160244779,6.7025760484516566,-3.2526336899988415
6.281563621103274,-8.441301743408022,-9.35009918726775,-2.209380214960739,-8.46616284299698,9.706562616042822,8.823454705034306,-2.975533052272202,-6.543472355549465,-1.7193407319007576
-0.1756376822230899,8.47927722595087,-7.880011258239375,-5.891589993482986,4.308467091392314,-10.019793081726649,-3.2295327238601383,-8.283113007091268,-8.043182213275161,-3.523689286191389
8.826222800514618,4.4022030050946,-7.300702795907115,9.798147114642857,4.583012657918623,5.312535261547764,0.9619401200634331,4.820280677426082,4.012481703086222,0.30948542733049333
-5.6340858560873395,-8.395303366345718,-5.255512073863832,9.043109727109654,-9.352745611878811,-4.13014079928894,2.729453988576303,-2.303243637619607,-0.2726799856701433,-6.063897591378703
6.302271796217886,-7.981163407529175,6.966059939556415,0.4803942903650581,-9.456578121501906,-2.007409708552906,-9.725282224689643,-8.383749464632096,-8.57313125539696,1.1036602988377766
7.250977668676656,9.721699566074905,1.3385572578770184,5.810854038986578,8.045447222912799,5.9568238530283875,3.750574475701045,-0.7050515210142967,-0.010774636371237253,1.350740694136047
4.522104234288978,-3.3275984571377237,0.5297015803744631,0.2958154813947328,-4.3084765827454845,7.117329506274496,-6.707926415914715,-9.841207285759648,-10.23765420375522,4.2567103155799355
7.11496689953819,-1.7638771429844768,-8.632175893427378,2.780761203087849,-3.9426045617744716,7.486053613221304,7.385046565618705,7.12985039881539,8.44179179724996,5.268182294824204
6.012339129248046,6.481752868261805,7.012553022575483,-8.873199077141111,5.54697038751956,3.121889612461275,-7.459519328526129,-3.601317300904337,-5.719746690362686,-1.0839650317113847
1.9537660024281944,8.96258479961083,2.958839395563926,4.86969716507949,10.898230685203742,-3.469336453494529,-0.9136990583157102,2.9915912867098085,2.8423448479194198,-4.272181368464857
-6.522633802919298,8.744655249179166,-7.2834037868677175,-8.385193569281286,9.194141600562212,6.886929563119406,-8.590382717670229,-3.4132735098549007,-4.76159387300201,-4.186867381204166
-10.578660007975378,6.371071637113592,3.8530758716973716,7.640597522614662,5.245313811446864,-5.133969999951827,9.691101634404399,-0.1689909428574643,1.0524966653798733,-6.187431718565111
9.869074655496297,-1.8101055440485743,0.3818782278092297,5.346105995819684,-2.0743269028753555,1.119525759729027,1.0302767125307883,-0.8863977136829242,1.7926567035222583,-8.641973016784872
2.34715555538052,-8.882906503393926,-6.776552756620352,5.627649499985712,-8.198920479810775,-2.390018070005892,1.1957271191419534,-6.032853531098037,-6.537531459446873,-4.774422953246977
5.3343344115546465,6.544763172230672,-2.0762337029761007,-7.74804453896385,5.465494857822741,2.248622617411082,-10.20127367047435,7.479437579871395,9.4299305502512,-2.7066092177700782
-0.6687347421764326,0.670514156330893,-1.43166137143103,-4.018478845815172,-0.027208768883144607,-5.0595245986342166,4.838578288458063,5.434022421136823,4.054065052588747,9.164105732296115
-6.844916951359391,-2.2975633075715107,-7.78072952160305,-5.746197334330492,-0.064632266781262,-6.549630500127577,-6.286062089337022,7.421663792450972,8.490302183276995,1.851763495340077
-8.08073944779943,7.367384584414433,8.846091558306165,-4.883169728302956,9.934284345532605,7.044288290103711,6.994839469061019,9.883823007783784,7.8463423915112305,-3.8905508896094756
2.9619480551566495,-9.547118906965064,7.431139059250836,-9.719182137750021,-9.45870904799966,-7.6264442662828635,-6.072585646258547,2.869362298396424,4.578792667251678,1.9173619220912617
-1.6154186995944844,0.32404446623538785,4.120122214699999,7.365321635722596,-1.1715265050691974,-0.14414965217928305,-5.694739939479885,8.543238491733815,7.325517674688172,-8.518910736610836
-7.166467578763234,-11.604071982989968,1.817906537507112,2.4545144417090308,-10.052737447028624,-5.73996916918453,-9.278295204605918,-6.966443281306941,-6.765972720209172,-0.6670571776962699
1.652434842770554,-1.8552309913832377,-4.014121622510593,-3.7736891996125834,-1.5913249550276665,-10.431561676900808,-0.2516800251137782,-6.926658729082831,-5.083483978151287,2.1687123440354434
-9.282215849712042,-10.949522495441787,3.6282049321434995,-1.6707651344223438,-8.367968932907388,-7.688223266408667,3.1102303637677515,-8.551974843119147,-8.814817817299103,-0.19285286021540438
2.47104482446838,-7.709711367429454,0.3515068155658777,-3.2763701988384137,-8.351913877045174,-5.618850371497337,-9.028706072990516,-3.293582951015999,-1.7347729005395793,-1.266449956783417
-4.410661827650274,-7.799795524729775,-9.340953031251061,0.8139202379950847,-5.4844189966513,8.299562974291982,5.788900968544881,-1.9624341248766894,-1.8543487336034965,8.644427466773685
4.966647962261795,2.657509829134908,-0.36971915284724377,1.2006683303762424,4.1747546366648685,-4.655869822901149,-1.443436667638582,-3.3006658644153144,-4.183860168854154,6.921803512365742
-3.798715530741254,3.8783198906378904,5.219302673848817,8.674613576670934,5.133471615940682,7.280000522002496,-0.3585543333353717,7.307242285818391,6.521629530021043,2.925443444275568
-0.11159423905322763,0.495141548506552,0.8693223865426125,-0.20793562056899303,2.6943615652629243,3.585363242273382,-1.7696527146532075,-2.5762098033031906,-1.6413645837095865,3.4857686981924014
-9.955850536924293,9.707820833037411,-8.118571121900729,10.408002655066374,10.349351393848146,-1.3288137126305464,-2.4634973540151686,-6.0361972424806805,-3.2848405724415013,2.275127261830199
-7.357949298257794,-3.053140341234406,5.748759966238037,8.66429696103773,-3.0665358975841617,0.8529768973690374,1.552282423711484,-0.10612463211449397,0.22824437566875733,-5.382621725627402
-1.1286134790844402,-3.969399952826641,-4.621708604793512,-6.050832176390334,-5.10197551890475,0.7507692790084688,-4.546119294684992,-7.304224434100472,-8.500762695103514,-2.204216604572108
0.5176915490007999,6.486733877664984,-6.3401122675381,8.681274095536395,7.450125626758854,6.3426458631498,-7.077480826370418,6.137311989357446,5.840958977685138,-7.2685637474257145
1.5407541901130766,-5.347020486839865,-8.036578062685008,-7.480075123559173,-4.666447105113003,-4.373129236628421,6.8190871146548835,-9.639190851078508,-9.30902569080223,-2.2363009172287227
-5.246590873595422,10.56772882612829,-5.573666434764737,8.741103805097826,9.403511187465645,-1.6604170000545775,8.859186229561406,12.149415407588767,9.67421415739499,0.9551127238226211
3.286050117168057,-9.170744705810892,4.435615573649413,-4.486890394887424,-11.333906988394672,8.964885989181882,-2.138014825695194,6.96128944118672,6.682333520617287,-7.070549311497869
7.39868888445081,8.9851627159363,0.5494157167834989,8.242709423690197,8.594752090201938,7.8527490756060505,-4.321555725174139,-5.423568048924069,-6.482988024403342,6.774005372773559
6.1428064913993525,-8.87960279063255,-5.799515939053414,7.2463315533899415,-9.210774624582855,7.177374444070013,4.164086658728431,-9.817520796244207,-9.932381038839527,8.486554271862657
-11.379194897793305,7.58219709943121,7.705943474100699,6.685279728536604,7.747196669635593,-0.6535029575739605,-4.251708648573279,6.09701959919553,6.367251303905077,4.582362505265576
-0.3979742564551723,0.5619023664207258,6.180580267964503,5.143236172146503,2.526564358515806,2.8946974963271956,-11.879202756988775,3.1852284169301077,4.985577759157628,0.38289563756505024
-7.743307206313318,9.533684870237504,8.214723243534163,-3.9553822488976347,8.473307979987009,-0.6227410271430133,-7.372826224686342,4.65762387933861,2.333254026835142,7.293189102913947
-5.436643939065003,-8.688403911177415,-4.984448254130217,-7.6702037595094605,-8.01847946345615,-1.4800341587026276,5.416744764491661,5.683159473861665,4.818706638953618,-4.288653689459483
11.024525704358808,1.2891790411005901,-0.2421588349142404,1.1725137763470692,2.5661987963547044,-6.382951620287846,1.6128308065974308,-9.760867540799817,-8.30782327303872,5.5520207474662655
-6.728309067718864,8.39269201280003,7.807030945227451,-5.721473510867756,11.657500457804776,1.5237859761411259,-12.465712489624087,-2.49650901186965,-1.630606472687686,-6.9934593594129595
1.2879549771080183,-0.553921943587002,5.751740384997597,3.0509561800187264,0.05755946021901509,-6.63552642284055,-4.989377355121803,-7.8378778583221544,-8.174521257003612,5.2348484313742265
2.1471541660121494,1.1994302088740396,-10.64441681540633,-3.501765151266992,3.0794022154254503,-3.9209672707687337,-5.134846844535857,5.35426095963448,5.385515811469997,-4.189416059932258
4.9867769033890035,2.3147026751886326,-9.09323142734152,9.058789908814443,4.48473413689099,6.003460382769889,2.347646465175139,1.6055775257716565,3.0856739825172945,7.3035779453081595
2.828040064265802,-2.1264613968650146,-0.18700756511696048,1.0237983742766252,-0.7136969730912446,-3.566572548964209,-10.591328845633647,-3.7956450363686605,-4.0174018917726455,8.470323393778228
-8.492889602343665,2.710624108485398,8.275497723487117,6.1195210809857805,2.452316400441963,-6.709372292369992,-8.887572079943197,-6.841145336939336,-9.918499653369889,-5.205182079697363
-4.562915428548896,0.7934987229701207,-0.07750402072503437,-6.616677463341286,2.1222616279620508,-9.781913967999957,6.108857024937728,-3.223800441152998,-4.40469895539998,0.43069706449220835
0.10055679015184804,8.536774674050875,-0.03747668312977678,5.966057526375654,5.490914124600093,10.397807161365725,-7.055422035096335,-4.83181512856495,-3.6808589171209087,9.756494210652933
-8.58783472255313,-9.05635864441828,-9.422061316111032,9.50362646131848,-8.409002903108211,-0.26105673123615974,3.5489860760130134,5.078159856178917,3.987378902223068,-2.6360632164810345
-2.4982068407400573,-6.349240421593448,4.285869490384177,0.22901319746305576,-4.254558304493427,-1.6825710903279234,-8.09097104196986,1.2038454381658974,0.5455833700051937,6.909941227038335
-8.649584269158137,9.663205265752866,6.236779192508258,1.3908254330485104,8.78575478475291,6.1542976602614505,-8.868024009940896,8.826945905413604,8.641321048413664,4.477658007031479
-9.267322730925322,8.616074323410036,-1.2730499055934275,5.154666380722062,9.852137873537885,6.056769916956355,-6.262610140921969,-1.0268261485788923,0.7191735445177085,-2.7240635082476707
-1.9936959620511414,-1.8807276191205937,4.985705331410507,-4.904905647150716,-1.5617989630762925,-2.372326994081761,4.188997958740691,-7.701751269973137,-6.956593089894461,-3.1811113174289383
-9.36561225129493,2.822843498925726,8.765957089609651,0.7848693427747148,1.9995759669657034,3.998247680052563,6.575881603635578,5.590692392002089,3.1272100740350828,-4.4935957763256535
2.7927619710330527,-5.308874577786546,-6.688857604084065,-2.01795578965559,-2.460823038172613,4.94590489381849,7.4022410712356,3.928537403753699,5.014209438390431,5.45492774340992
3.2769251420686207,-6.139906428776438,1.3427665555879011,-7.310203473716002,-7.069638110374631,1.7884242935186176,-3.9156661792909606,-0.17157423372306613,1.219022636160467,-3.111011495407595
6.067597922026153,-1.9905303081553234,-4.966671995636965,-2.5727024837177113,-1.2761471841368968,-7.861693517717133,3.4071942077436743,4.835744272745216,6.018137988653131,-2.2098030877678663
-6.3066448290918595,-4.7260618920135204,6.501683813091963,-9.148317370232432,-3.079980862909794,5.876281554739045,-5.341977668471875,0.9142907783071315,0.5442524160058957,0.5306728086325935
-5.50432077980519,1.2903050474044728,1.1694149199538604,-11.588511366729275,2.5138567191469905,0.7941146031353427,-2.28039795821778,-1.0646894878369608,-0.27951721113861416,0.7308245818390771
-10.746149634709374,-8.56903620697514,0.715685051114455,-5.254496306368814,-8.23750475334699,-5.547217064884323,7.444950399328919,-4.281335230939577,-1.3671840764154475,7.487693364378738
2.711994648546825,9.090216459708726,5.387969124531416,9.417627230982877,8.195270806171067,-1.7609968037646633,-9.415502925432763,-9.942776323527095,-9.034337060502855,8.364966532079224
4.023695772240325,8.540184331369499,-3.2596987611137505,1.3887379830228763,9.192046326464869,-7.878476338411482,-10.093692175473004,-7.290430660222991,-6.386349137987144,-2.113553368993864
-9.821913491078842,3.5633352182637665,8.335704091823203,9.258535473187491,3.3558798471826923,-6.243364402630063,-8.234231101392478,-8.171154536526487,-8.666909746440592,6.5840974970271136
10.45047147050943,0.9912220794631422,-0.5298303907516906,-2.085159234121949,0.6447062816593627,5.278658116214598,-8.624581546741906,2.2650468631902094,3.517264912651127,5.559149474138652
-9.847903785826322,-3.8543407043959816,-5.914928442578423,-3.949601819243579,-3.3836040156436153,-10.086852031035827,-6.376851591852124,-4.1243069855894685,-3.629053750544105,0.35575684175905176
1.5977228832570705,6.458401424738185,3.8269065030230225,-1.4765575053894293,6.694106150026944,0.21119111906685073,2.8393439091922663,1.3253145575498035,1.58187296849756,10.317853821000014
4.537463177724412,3.024508250623353,5.68763101400635,1.0673202707115075,1.9186116970291838,0.9709597420704796,-2.9449118771197904,6.281587778826438,8.561092274481357,-6.5874044741639155
8.680901727457227,-5.575943298386014,-3.008874320861884,-9.121218313187518,-5.683720225541318,-9.235118059857077,8.373336361068251,-5.40267619220551,-5.875243327196071,-9.489185254260818
3.61454955787105,7.0423703533220685,8.10749207405092,1.7845600099569443,8.471112535873473,8.035545142326203,8.217689075312672,-1.6019176493623486,-0.38897156916221554,6.97021591914498
5.301592762272079,6.9383051555501,8.102766343545674,-6.119495554194408,7.835276906057286,-5.0836201568418184,-2.7439473576852147,5.560241492146008,5.808926043400001,-1.1826283582985744
-2.1149262416664807,10.177889358798442,-5.2331105519931125,3.679834822808968,9.440196593129151,-3.086701834691521,-4.534949825783102,-5.933843383358433,-5.867080711296033,7.09996651731297
6.721823583260354,4.995298260516095,7.89645983819231,3.018530847225721,5.615713125502962,-4.552801279413097,-2.3975957558303116,-8.4259607917183,-8.939894770823384,9.223936507593377
-9.942640418983256,2.065779691650968,-7.871819196060011,-8.1956387334575,2.734849230165925,-5.10046400251497,0.23501739317024217,-6.6932982951376285,-3.9083953965838774,-8.98729696435443
7.357028106747283,-2.1634363208506016,-6.576898878598162,-7.5186690970292975,-0.2889135179848743,-10.334096853188802,-3.283154247832127,-7.43382266725376,-6.3123894596523265,7.549675635352442
1.3382301769227867,9.690657318126522,-6.20844576224718,6.346232348154278,9.176820303098046,4.4028634825609245,1.8721205171776145,9.047461759405929,8.791245312482667,-2.1368032738446505
7.183719620796463,5.898302864746494,7.534647319019382,-0.2655565673971445,7.223362543565264,6.849087938423375,-1.307283699792174,5.18011355703366,6.473716264731224,1.0292032829725422
-1.6328649628269527,-10.065750858255855,3.7737840185506646,-8.120989848719644,-6.8231918774293305,-5.735911738015234,-0.522090689531648,2.7270593517980672,4.36803250478485,2.7161592859423074
-0.0427020858864422,-9.87021827554668,-7.570897606825232,12.291688243977793,-8.583623387775067,4.230313138476504,-2.4569290818014466,7.876084304557054,8.500754955989242,8.107624407307572
1.0512764044592964,-1.2330789049270103,-1.2505727994859617,-6.659293885036554,-1.8969882414345953,4.206523983607743,-2.6755974099394115,5.7308923371245255,6.2640771292473145,-11.522352804870184
3.4114697451626617,6.590834251677553,3.489947944592929,3.2139892341677685,4.934762199098321,7.021033950025812,8.621763850285289,-6.098135051282712,-5.3272882415118,0.9812815614114294
-10.38473915751062,8.777476827788645,-7.9888930862573675,11.297463498079424,8.457214968835352,-2.303366766419738,6.7253913592377605,6.888447404514944,6.818656066272017,2.5267608841551565
-11.625284245172864,-7.30196988331434,7.588289826458209,-4.833229725922587,-6.698946695787583,-3.5809402108986426,-7.275967143729467,0.5802335586169673,1.184771888259823,3.862861144594863
-4.24395445959933,1.2682911629464082,5.4701262668955275,-6.6559168101183275,2.0281355048109435,-3.7106205170755517,5.527461745000398,6.759019272870471,7.95810945301436,4.208993141818164
-6.680488947331266,-3.0919718596131043,-0.5290959251822128,-9.26457204319475,-2.9963054323878855,3.3131851212882495,0.6406915647219934,8.078798959438297,7.70378010307749,-8.507855340454249
7.210014951131782,10.377177514848846,8.49191905223146,-4.1048828140362845,9.539270655904126,7.668140797777849,7.301152220126221,-4.226461770126658,-4.487564429181807,-5.505598010819519
-4.226695889876352,5.470635333450668,-2.185787280280906,-8.791907370123631,8.431005390757768,-5.438788631335732,6.695793932463348,-7.574745105155672,-8.451050398039525,-4.949637074360395
10.154629799405699,8.375354949957131,10.43787221947427,4.671285648775948,7.461976568773057,-3.18608660077287,-1.4705190430752493,-4.726686958524549,-6.530929786503554,6.809741106495735
-1.6457841218559466,0.20209288608402798,3.136511704780272,-7.683083536995942,-1.767145313853333,8.536592244400778,-11.093732061540521,-3.507785506052352,-2.2426061356025775,-4.969988796435262
-7.75037715839301,-0.612748282642998,1.3436523956975972,-1.8860437880205172,-1.8151187803896396,6.671282396715166,-4.46215804693051,7.519369383405759,5.989787219859832,-2.8586306301826068
5.759419518895619,-4.9947980734111335,-4.912732801024516,9.911902213055265,-5.336825042238436,10.339469290260693,3.028907435370138,6.878356926445795,5.809044645948225,8.15460531513105
1.557442135069508,-9.022430786060568,7.958520357238041,7.401266894914629,-9.260189983390019,3.3907092976465374,3.162550855037405,-9.435467456135955,-9.845339055426582,-10.744185321159545
-0.26546800279268756,5.861295710576351,-2.8571496421008664,2.117709802306772,6.88083185947142,-1.1294894384089267,-4.899764044341417,1.4121929751965434,1.1172232253379626,9.391024143354162
0.8586551649859477,5.733357775534749,-7.197180811591237,-3.1458639392654018,5.780374599997547,1.2430577169670243,-6.137535116586619,-3.023453634254886,-2.5595361171713407,3.7795606322864015
5.010649202708348,10.488008313365762,-9.636963217656401,2.8290821934598545,8.739218093749216,2.862457151505139,6.909273201189092,-6.267284793012941,-4.038559866943626,6.0991826501970285
-5.385341292232127,11.228799803259506,2.8997057660650274,0.8824895101856598,9.805082059959918,-5.7930019213973205,9.897577844333837,-7.891241349202049,-7.091900564798749,-3.4952798590736247
10.550085459414753,0.0014772952500972103,-0.5601200158053423,-1.7496473002608688,0.548026475205239,1.1918125627983143,-0.5778215261053861,-4.031450093051869,-2.2171159863033836,-10.692282836647456
10.199303376074557,5.014242366624944,5.363113166739119,-8.60237326933172,2.450299613607942,3.800094094005016,-6.332566257244332,10.593130654087194,8.200359524398248,3.3757986527670196
5.16144240432188,8.744015377416039,9.204647487328385,6.610554157384306,10.948286622150224,-8.858868292734698,-3.518410053195676,-4.392713453411688,-2.6814161325182795,4.884677200604408
-6.324447636703221,5.597158611355745,-9.04052261221398,-0.29495450911823196,8.081717467764904,7.002398482457499,-10.46824862115069,-0.17973434461954418,-0.7161214655279906,2.585948471133187
2.6635421479594483,-4.461688723377647,4.352416187947014,-6.088091508065816,-5.429338690061043,0.33024593947363057,9.71047195245693,4.264768209506533,4.950626678740065,-7.661063273458285
-8.309948205100074,-1.7131076255407383,-7.288070365422126,-2.7833252270614324,-0.9702982440575307,8.040996810452388,-7.7366843663423035,-3.929557478490209,-2.555568612620589,4.767578132746159
-10.189229983023422,-7.612202048147124,6.960079922062973,-2.1412949917438113,-8.588466044287662,-9.482906334950014,0.6425599987465305,9.039960942662951,9.988892874403998,4.747018614669635
-3.3643814613391907,8.629071173262568,6.34468030289019,6.245569065856733,10.776743422985312,-3.277065457190368,-3.5212635093356353,9.566399160092399,8.073351293217371,4.41421611058826
-1.0307589041589065,1.3341541832979265,1.4755250977932572,5.71919940571618,4.0207813837907125,2.8043175726622405,0.796765814577598,-5.2972144878752285,-5.859423925769321,6.550348865519859
6.799873740293621,-5.4341888754113,5.295039443486678,5.050853790958769,-5.27045016168422,-4.226639265721646,3.787922654523393,-0.1484167410522384,0.5421983361010947,6.583625806110141
4.072065674175043,3.2184041095491125,-4.46109380094668,-11.120439424728625,4.457544332302479,4.596775345063665,6.303077441885497,-4.511765916112978,-4.930781807888808,0.4781611715572045
5.572547847471261,1.990706926879251,-2.5439670855697014,-0.9332682608645966,2.5378515880918404,4.579719957567514,-5.93140070831784,-5.817660421631414,-3.8399838203515246,-8.794610828661472
-1.6478802942699782,-3.5652072610235335,6.411493174933191,-0.5779936311582439,-4.173471078219121,-7.81002702910516,-9.286523222496099,-8.940667841570107,-10.62939885936959,-0.8472652005728442
-3.7229669691911234,-7.409323485224464,-0.5211585265670811,-9.58475859800609,-8.140671524971077,0.3504260289134903,-6.971390341033849,3.946219751245178,3.039460892264605,-9.104148268845956
-0.9138728226844155,5.085081180348277,-2.594617005806122,-3.1961575186998052,3.5633918786279493,1.1465810075024712,6.004841056510362,0.07198209536066832,-1.1789428501912789,-2.546858283249628
8.896821434059408,0.5460412509149943,-0.4424243025030457,5.185235905092194,-0.048393700667577255,-1.6472064732502296,6.356557811155914,-8.745160857752664,-8.41812503732069,-2.5113331132122543
-9.162250097717356,6.442486049623915,6.6897371484083035,-6.968622212301294,5.227714557277751,9.152474633599086,2.877672028196981,-3.7343479601509113,-3.80143978162177,-9.06634473309293
7.992936074059203,-0.9869519029135949,-1.7803942442302978,-0.47272086224649135,0.3118704647307533,6.187778839918322,1.8782006197715206,6.895987222786376,7.4685459009035,-3.6591304194259706
-0.05782693896920543,7.20139144566457,-6.143033968322614,-5.91563201200621,6.96275150850534,4.686009932582862,2.7770021881536877,-3.5062475285309462,-4.626735619575825,-7.571715515548111
-0.7474311148022654,-0.05923154348135529,3.86691198161253,-9.148058461913532,1.0903952659871945,4.1945642484969055,-7.851148442788483,-6.899773761752736,-6.841660294841982,6.525072916089303
3.4500455328222803,-0.25816549682417556,6.01936643706564,-6.731344581850412,0.15815436431112495,-1.8475914924507506,7.208502597223348,1.4209121046403697,-0.7497866506414775,8.043115432106925
0.5561616093280599,6.793700645707864,-8.157102787207064,9.718320191316785,6.816055904038965,8.016602630020577,-3.6463881421204847,8.979976086688024,8.704454398135807,-7.282605168834195
6.5058137497142345,-0.7384433413384854,-3.565777783050466,6.131533310304597,-3.2149269414520276,3.9764355288500317,-2.438510153711584,-3.3408326472121663,-7.12152026144257,8.122241843993415
8.70680631207403,-6.3696796023175395,-7.343860914306319,9.232820342008106,-6.341879881300985,5.489837016781075,-0.22008347492429614,4.217866442152355,3.7923609954172655,-1.1662686270804343
-0.459748396236179,-9.18134175167882,-3.0609661128773755,0.7942397771854925,-11.529993415573545,7.05028990358975,-10.027268555484214,5.785432392426709,3.6675895352122954,-3.6279083695574705
-3.602007529666163,3.5700445535824494,-1.4752939928280504,-7.470837511601408,6.256335456789306,-5.727766924395786,-6.742456050046365,-5.013224665798859,-5.151904920710699,-9.28016662889107
2.098323220105346,2.2099103756813574,6.0755100967080935,2.4372616778303042,3.7925404243321372,6.198159760630879,5.1246429593801475,4.315798354162742,4.300878756154942,0.33377683216574355
8.015965969404121,4.383295370886207,4.982788952378158,-1.9060428243948178,3.7794147750018494,-5.981731900813608,-6.250828709287527,-1.4438056871410634,-1.9651945701767404,3.486642288714443
-6.363175796221512,-5.565180540243188,2.8691843990000114,7.023066222010668,-8.343853857649083,-2.9073233261994904,0.5511587697645499,2.786476481719636,2.344071112381725,5.53418548681703
3.9303663620867595,-9.11636407174535,-2.869728164021486,-7.953881597925161,-7.633881050231896,-2.3679193986487164,-3.933636763073059,0.7035245116307423,2.341146428870803,-8.323186362680122
1.9317091816827678,-10.599424534662234,6.865733894869435,-1.304431753319516,-9.77329084793118,10.58943260787271,-1.2409861581453971,-0.4016927802118324,1.4473643857834655,-10.042439841804931
3.625194374735624,-3.052326588016777,-2.958563440822455,-6.042731704028968,-3.9988470437969736,6.53653360257687,-5.005218003962703,-8.380050351104583,-7.859146569827717,-3.4213114711935444
-6.703277362421974,2.334644646609851,10.327249624587907,-1.181808156345983,1.2831353432844184,3.4072537737562514,-2.6833097161149864,7.016048894950315,7.022205868967538,-2.4219242149436067
3.5203624904552755,-4.3512469191053,2.8170091819105805,4.730135473272162,-0.6249238991420027,3.5009365213523287,3.9232848543472936,-3.640987189465179,-3.115131110756757,-6.089693442377002
7.2305869158466916,-1.4126255350052763,-7.0463631180492206,0.025383675649097936,-0.5855743972236769,1.9402715583318972,-3.8718771071177605,-5.050659002209252,-7.805201915210021,-5.214094870558352
-7.849942084764925,8.226222659753919,2.8120890474249762,-2.3977158212692857,7.158609775496867,10.390633450508096,2.837223819342494,-11.135599032943347,-8.42770848891774,3.80360277178841
-5.7320433409829645,-2.1852786710177794,-3.8823765703431117,-2.8240590985064697,-4.632489829129424,-0.389906870261693,0.12661427661330626,1.961446800269997,2.430327657778439,8.233782867035526
9.345186856936298,0.9726473674336531,3.315518997218776,-2.631824909682283,-0.047227534413554706,-2.6310763673271023,3.782031680486404,1.7333080114584944,2.5346041082691517,-2.1256657242844246
-6.137369218149506,6.255631573631666,-7.585554052678846,4.994557393645772,5.459603475472423,-5.272510704469204,8.306285466540519,-8.908531125958708,-9.912323895117078,8.837713139419428
8.039008111691066,-2.869084860276531,-6.881131093083905,6.449735397852958,-1.5729451662112806,6.229670898436167,3.167385279280671,0.14740245154361725,0.20255387835798883,-4.969164403226836
0.3724550526264895,0.5337318674341618,9.197405500225523,10.810795808137682,1.9064172919898104,5.125114346312884,-5.909660638725272,-5.0504745240171225,-5.604581280442973,-1.9915470653647773
-5.2462507314896385,6.854221417873504,-5.025546440514665,5.622958031182662,7.758773750296767,-3.5038157354910293,-8.169729143910391,2.0395728475992314,3.2373157747575325,-5.028457408903528
7.216802349070508,9.992044298361405,5.46513984486307,-4.037781414086917,10.925566513213074,-8.817403651535994,-6.2818869705931455,-5.23320648824242,-5.081304638068987,3.8162509147439434
-0.5837374310315068,-5.66507585389481,-4.543024524163749,4.651847946518648,-6.243029358974979,5.850810213850457,0.846469245828402,4.860479426108171,4.9005214897221485,8.008469952378297
1.5689172415223738,9.242301605527674,2.205963079017737,-2.3696886217480495,8.483663995899116,-10.905660516853485,-8.845215994080926,-1.6817487709773642,-3.577512267420658,3.1513760071673147
-2.6890184125214867,0.2716666843924982,1.6886290003765967,-5.673451597083529,-0.34082460946253085,3.727224015814307,-1.0573298408225351,8.605082527871248,9.356669765040738,-2.806176476242201
1.3898861744881401,-4.455472585634868,1.852566003014848,6.885503857767073,-5.191785368200705,8.81934947107245,1.1443335312225722,-6.669723831785003,-5.920647797544725,4.048154258885213
-7.72238854938509,-1.3734036219955548,-3.1906439238453705,-8.202704029330018,0.3633560372173703,-1.4683731314209696,-3.73872076538896,-3.885565546982179,-2.791864458305627,-7.611806792209865
-3.623574531377012,9.470591212155922,-5.213905154678765,8.536924887877259,8.97333805975824,-6.741513534605863,4.05262667072629,-6.874973916167507,-6.639549150002251,5.2509036878200215
10.054516118749273,1.5214314056837235,-9.170809248451771,-0.5221255649894346,-0.102415411142625,5.056236507335307,-8.842156783540933,10.143353259895177,10.50614281127202,-0.09028836671931159
-4.259352822337892,-4.3675258000417125,-5.303089543877961,2.8221472714016254,-3.3737698923687507,7.470249134828133,-7.793816448496516,8.617397627598805,8.5704966137266,0.04713865946411078
3.7120968159325054,4.282795877044367,2.579638671070224,3.587314299642429,2.1662328935229835,-1.0187361525838676,3.256405341841102,-5.570769915504298,-4.591858850055159,0.82354974998667
-3.624858161858158,-5.519115778928197,9.607877143753665,8.104007719259982,-6.569553172320239,10.319163310789474,-1.6880458103708684,3.5610982379566827,4.244769394768333,2.107712286880597
6.876397259623764,-7.157301328731643,6.372869615478539,1.7034213685672115,-8.159758934209053,-9.777154196662403,3.138022949020826,5.051302460265671,6.489331837121209,-8.74061737902072
-7.8666452802178215,-8.829220571284553,2.789526214455239,2.3247509168343874,-7.483409533642399,0.9528875030733492,-0.5714977254152297,1.6764065431649229,1.1279192752742024,0.7528305445995658
10.351690138778102,-6.853179019679903,5.541840857285048,-9.740647847703954,-6.938842751407982,4.300632453784585,-5.268881143214753,1.0436149799826682,0.24159733140639672,-3.490018818251932
-0.962952067316758,-7.6987162657017345,3.157940515492367,0.4492429818049044,-7.49554643619328,7.281584987064576,5.917465275368375,-7.032770521523131,-3.599540823158858,3.377676970234621
-5.887341497750058,-8.638723738935985,-4.658699432265231,-7.477267925147409,-6.002635248198749,-6.5999854112654175,6.032676376895192,-9.299728487794379,-8.956373309824016,6.956431320156733
-7.937534746081986,3.036028938475239,8.872419257631133,7.288056997212574,1.9407211148524481,7.212198839507115,2.148221984228884,7.661176262322766,9.47668288374465,5.992469014902197
-6.195205779565192,-5.352926523421135,4.05225205034789,0.20454403250177725,-4.650358027999211,-0.18544649815412373,-4.062391601625714,7.707501396125782,8.50822526700698,2.3076384045171423
0.7524517303872789,-3.931595772116232,1.4675824248527214,2.2003160179054775,-4.834290843350997,-1.4610860214657277,2.188048368785386,1.452552210046554,1.2627229706634178,0.8094539686431044
-3.178658049318076,6.436752237661835,-6.58467922764367,-9.30072219862924,8.370538262677128,-6.264369263528579,-3.1898305352951857,-2.830425449673802,-2.8517548860345645,-7.377405044732741
6.539774235935358,-0.612611959077509,-2.577858904684806,-7.784800933446048,-0.04533651221593038,8.02225525871866,-7.162434021670899,-2.76433489880627,-5.115835015398407,4.613407915543432
1.0061224661065564,3.2637194416433615,-0.28825276148408474,5.99983170740617,2.5555977024796603,-4.529836922082276,7.218775410291819,4.324844445426269,5.144621594235824,-3.7739616896835737
-3.841457903051229,-6.005282948412905,7.917810553790341,-9.14776567996525,-6.129208638106391,-4.333189578542714,-6.135718388367203,7.18641369889318,8.827436682040533,-1.939532847595685
3.0657266270661134,-5.204625052462096,-0.30659788232447105,-10.157293418718467,-4.874700954066426,-3.2417845381577313,9.1592407420113,8.790435611718909,7.149372529650292,-3.6686277211737734
4.247343495912305,-9.242042855942916,-3.8948596292741966,-8.940993483871269,-11.399446514024486,7.322190048475665,-1.4164371307190582,7.252918030240772,5.721058613108059,-8.42247749156101
-5.652004641384334,-4.765795423762445,8.790064443737585,7.749429260089951,-6.118553931065894,4.68746596053063,-6.317215058595918,2.357071439239218,4.794790356836041,3.843437599791371
-6.129620897842194,-4.203958474825535,-8.447129575988978,4.314011747672654,-6.921464039690905,5.925938948106077,0.7307541817562206,-8.929367617253845,-8.82294740436096,-8.752059760879229
-9.240366708555106,-6.806216820471963,-0.7956119702586775,-3.192592315469711,-7.425455117988272,-5.378517806012489,8.679199613945883,-6.276218052695729,-7.826333305164325,5.617028450374108
4.424475976046894,-9.837516683961717,-9.774045280262989,-4.138921827547003,-6.5967829599579435,3.803554196011607,3.5678186007202104,7.6130543907946,9.452747173004186,-3.566275280952947
3.1951732147734138,-7.849942098304152,3.941733897057403,-2.3167709480086733,-8.169064611380037,0.9433577238560433,5.368703718082397,1.9891839925285648,4.091168383722594,-11.74968323505129
-3.677808220881778,-1.1208115847566207,7.749897307288455,4.80943634133725,-1.9583046037544571,5.243881776864864,4.2119702262868275,-9.076405815942737,-9.81236329581956,-0.6381463786507429
7.094009818681585,-4.91302083560268,-3.2806210748359996,2.9536829692415276,-6.071263360868832,7.604894326451381,3.2499963551731907,-9.87992523018665,-6.959106107271001,-8.390572491836554
5.624926978890706,-2.252119154971637,7.1798769103593685,-6.31035899560003,-0.6466964408749387,-9.13783162386373,7.884446108637977,4.5883377070137845,4.6115112976919965,-4.309953026222166
3.2997572862179263,-1.1110237045354792,-4.334886416118957,-6.368215335799525,-1.763336830108888,4.872437132762944,-3.3072038398075714,-9.826087798746284,-10.64125255561401,5.320519654419996
7.384769681076928,3.9801509589983444,8.105397734177254,-7.934259831024131,2.7565866609479626,-8.852154642308907,-0.6132957540788242,-7.1953321162122075,-7.269144807017896,-8.342933004525511
-7.072139218799596,-8.542226031448967,6.371298406262202,3.642060169249343,-7.716325519998395,2.2953703687811435,-4.89444883703265,0.8854416331102739,2.2055503004864576,5.820067956417389
-7.81148776617356,7.516239337568686,5.348963810225529,6.131292754076457,7.845910321718585,-5.60552034060403,8.599667878593081,3.8003333088743827,5.522918232562374,-10.719665684548971
-5.651128854722712,3.445511757232215,-8.324360597050807,-4.3064373178489515,2.454576565527872,-4.307731474375079,9.635920091800074,1.3080238866070861,3.602106050226366,-4.960605225438718
-8.384855462501235,-7.603972706711084,9.466703440402023,-9.127515255872526,-9.603872063549204,-3.22940504810697,-9.012039786643115,-4.019675583335568,-6.394428164290858,2.5040370570413235
0.9143379243601255,7.531658476750709,4.373000459431117,-9.93878981721793,9.567415983944706,2.311289553519684,4.584541732473984,4.284910059221335,6.230645538650158,-2.0011551197908792
9.689953477007496,8.805760016059713,-1.4040775943430526,9.407428396066289,10.011890402385461,-3.2349062983744195,7.859394276277922,-4.812016119616623,-5.785989147875963,-7.5204055023021725
-10.004010978324372,-7.528935902196567,5.532253807378344,-3.6115969024499863,-8.099493815140493,5.344891969197802,-8.049576513020503,-2.5404562662406027,-3.827143817986097,-1.5682870269425706
-7.523793623571318,-5.795224434535575,-4.723261791268407,6.113404151333122,-5.274849385993345,-2.354259126693097,1.8621566758020935,3.908665644800183,5.272165936850104,-6.172738213118659
-2.3210412297579293,5.774586268644271,6.222645552158557,1.8009206028514808,6.07499625502319,-8.493907306847703,6.246362799281384,3.4661298799795226,4.546818401659069,8.098803203566353
9.378995132482812,4.192625058916926,-6.795930221225091,-3.0202464818307266,4.804833726628336,5.630073959358093,-9.638430920526558,6.7168271189847655,7.838444186435783,-1.5015427372693884
-3.1580067200248676,-5.93042649414633,5.762908482867595,-6.460355431372496,-5.978728308256875,-5.21072341203703,4.889587211356768,3.999028621223361,3.5671233463687773,4.457771080142827
0.6405011947954187,-4.582791357615006,2.4838923143028446,-7.035857736920528,-4.362012095134458,-1.4583290970961822,-3.861122116675949,-0.7610553536420639,1.8294605968275377,8.608844691118463
-9.166923787635216,-3.187532230893434,-6.845361842945179,3.3341404157015404,-1.7111409030349571,3.565218134540913,10.43626655232042,-8.225598943679419,-8.082989974794684,-1.3225416637821168
-6.6183630899694315,-2.6998446636490114,-5.3597439026191855,5.0852155054641575,-1.3869163731643317,-3.5159574220288063,10.44627405588913,-3.248504594595291,-2.087544424292823,6.654429028839596
11.336941567485535,1.952874685581449,-10.117160251943552,3.786047384449663,3.7415918806254567,-8.836527420484236,8.231431393943101,-4.263689695731336,-7.225512724059794,-1.9607549488842733
9.017279671678898,-1.7082534765871458,-2.2958104632039484,0.7295224741477601,-2.308595068591397,-2.445905519130342,-0.48840228699928545,-4.650162945050126,-5.4168145914881265,10.115171534639511
-9.762555197601724,-0.21167577438716156,-1.9388212496181998,-9.28526130852971,-0.06223988147812498,8.456676474778737,7.193482317241832,8.752585200226886,9.701533029965693,-8.815336062157387
7.95010940928337,5.377605010485706,2.436127764103644,9.158391322069708,6.415959621953733,4.107402679942428,5.308811207355279,-2.8502193708408354,-3.2890595902842987,4.906301850320078
1.914137794711675,-9.546329244062523,-4.547200750697139,6.720895197693648,-10.377916191701594,2.2601023441411225,-4.558389451619241,7.730265734984938,8.227254421353827,-1.7904825976506233
7.45617918349375,-6.2302918493393715,-2.673560880873339,-3.8179814491936357,-4.987086691826049,1.924672964282901,6.017548576033688,1.7261302926300497,2.418301298959136,-3.741780037336703
0.1987306593790883,4.782286039315516,3.891099457872067,11.875232014824652,3.7355371663318335,-3.240193596587708,-11.296067808546084,6.738209766285095,7.651701769148458,2.790834970560771
0.0556397473334333,7.0698549437093625,-8.630521246210257,1.1854071497291179,6.336277328378531,-2.6713140729436278,1.972891037892703,-0.31646533834360435,1.6257615873186981,4.1025271106588965
-0.4589849241737194,2.4176455756937782,7.885270769548908,2.1665548661749043,0.5802588199182419,3.665041292556607,-5.64889509889898,-1.3689105267944597,1.072272123409019,-10.629308095417924
2.930399906417712,1.2127769136608295,7.68395462770393,4.43226257877913,3.153826256890737,-7.238065303935599,-9.261556185765999,-0.5244681802445277,-0.3004838351894169,-5.851343789084139
-7.741731575718065,-8.43720807575843,3.2925201253420084,5.366108774814106,-9.696637517710231,-6.520064331979629,-8.056723102138486,-7.133684064883082,-6.169087809647502,4.791815326902324
-9.10555674683762,-1.6631379109195352,0.4135035110364613,3.1187050095950815,-1.0840332745803773,-4.708891740655367,4.641648262253754,2.817766489769161,3.997382829070484,4.185847342498144
-5.338658813354826,0.5594011224868746,7.921626335463084,-7.300732593268964,1.2928882641752364,0.786203476966608,-2.975466245773788,-5.621979389405457,-4.1895277671547575,9.197813667221277
5.374554831399663,-5.390091849327156,-5.2445322675503485,-0.3164763250499396,-5.027511725649226,8.062438896690303,4.171267255366259,-9.404272199537955,-10.271962740258514,5.8233360729940005
-6.628353255670493,-3.498301605482427,-8.449833162037413,8.377526990837794,-4.728263433528122,-10.631913552062274,-8.101431032269298,4.238086746391588,1.7788305832058304,8.569803851596765
4.190552151936488,-2.2679005681635007,-4.434681480220152,-6.637866492607644,-3.753533101353371,-1.1251613143457972,-3.0139728829111028,-6.144601937994041,-5.835075187958752,6.104628720782735
8.128242324751533,-10.330207783354,4.846036088329753,-2.2836488057553472,-9.365789301505309,-5.514346791408806,1.0972294172264327,8.202668298842545,9.438701271280095,-4.851501597333122
-7.453145553665413,-1.6679760031806516,-9.332855458740186,-3.433102378662449,-4.315180665352361,10.538307628180695,4.98985104634451,9.53447573522245,8.274255780391755,-5.787404125524558
4.123986972317022,-5.721731528548885,1.0316262465812152,-1.3038569887152216,-7.960961565047661,-8.246518702429224,-3.348349175847421,7.838197494189979,9.19264323517157,5.671365213988121
-0.740793541902681,-2.681213280472811,10.655731163930907,2.2748169321856704,-2.2554607359279766,-1.2447675487671073,3.7133081795656597,-3.2914263640542574,-3.228403724056444,1.5074735399495756
6.368416565750314,-8.212983871059734,7.145413439012783,9.656117137839361,-6.646371543772934,6.147955024204113,7.122925906112011,-10.845230337655636,-9.43770243138467,-7.668200401645473
-6.207456021454205,8.173661242542423,1.1189874572084006,-4.212523513922053,7.862206591648979,5.878434974978731,4.415203102778522,6.814542445002788,9.386715264366963,-2.6730892935854738
2.6694628597889016,2.1829590622241684,-7.639471388109287,-8.073542092889356,2.1009237592866756,-1.7917625433012023,-5.866441438912709,-1.8262407402131586,-1.4699295983574265,9.98712040806596
6.50954253786602,1.6923970907936399,7.319088862835585,-6.2012042174311865,4.656364395605355,-5.370988358615622,-9.479577355529102,9.491149870793524,9.787837293014528,1.2318788327466181
9.921697490435792,7.798699882607407,2.2526885978378544,6.972377173574721,6.007764428924848,-2.868631351352276,6.729491882012262,9.175775871770167,8.755969897897485,-1.0074617254608824
4.46166249286366,1.2594884395036918,-8.699552317320068,1.7881536982964272,0.8728615333424591,-5.141278931762472,-9.351340947071996,6.644222181399844,6.863722525919106,-1.4382487416269347
-0.04132177729102032,-8.658789554397513,-8.125640414199777,-3.9719694358361632,-8.559076439125375,-6.152280022442395,5.751811761048715,-5.0567682193050665,-4.316881589488626,-4.846632142227475
1.382138228101435,-0.36013890408489946,7.659445986716015,5.0453532307757465,2.0541145749449026,-0.52706544983092,0.032700881727518505,-1.6897992362765262,-3.0446237745017335,-2.6251010752495
8.023687401748557,2.0843839742211343,3.039941302057342,6.812773026696857,2.057608086350266,-3.510430280717184,7.689232769909358,5.705601510390553,6.845959267221355,-1.917877061648049
1.4315761704746184,4.995487183100997,6.211201835584858,5.935112813906325,5.102841427292475,-2.976338275367416,6.111003063365598,-2.8855319830309716,-5.210178195738194,-11.106630170042013
-11.712574404293687,-1.0111401268431823,6.599652430863101,8.92821385908135,-2.6368701641184438,2.963447615566357,10.953129586175658,-7.612362085204875,-7.101298813420255,5.798334287368217
9.401603736456073,-7.256816547894635,-0.5218915481675455,-3.15374949726628,-7.1614380897870165,10.469231510049662,-2.3397575038512457,0.38359001181396857,0.8511497557973327,-2.30849718706745
3.766302186761531,-3.818240894719585,-0.3192160132269417,3.799250592122235,-5.156436801519963,2.430405377818592,2.972106417763646,7.2563102925999425,8.46691573072024,8.096907373506998
4.7327189635280025,-1.2910483726354915,-1.1980723416560362,-2.6422285374147694,-3.376636798555792,-8.395904685838103,0.08068792511272349,3.419193786613823,3.6790984876286807,7.630047370287004
-6.781767470888461,3.4864480317606708,-5.009245289605104,6.715084172451162,2.102969198315903,-7.5817835658086965,-0.10720765330095428,2.3765358602652773,1.3394592019271696,-5.520261160177542
0.0010055914571425184,0.36591059446829743,-1.2923985463541412,4.585511339190023,0.34933116147901355,9.100716465149235,1.7736101238744015,-7.540842036140673,-7.5770286064985655,3.633379636752792
-1.8436280285716453,-1.515502629330623,7.377861538914092,5.747608236751789,-0.7532940790261136,-1.996373016755565,7.630670202717717,3.2785666460114307,3.174661608115918,-1.552804769617084
3.316223217511814,11.37091953934788,3.06152517555487,2.6769162383870855,11.061644037847996,-9.597071445145051,9.857859206488595,10.3232195480192,9.151311775236998,9.226391448957754
-9.558811021446637,5.2675531216498275,9.494007308217453,-6.652063909431294,4.035863889282004,1.4657208439156144,4.698619560338801,-8.30198952379989,-8.401520550658665,-3.6938159980540135
2.1784065461941147,-6.378958198519708,-0.7412718354835184,1.2680487884793679,-6.478359184835674,2.3464566688513724,-1.4467476893112488,0.03580382294717782,-0.6754513649683678,3.9491775167491
12.743492259133232,-7.72146853444165,3.3093013973615264,10.733825683135002,-7.893096797681033,3.409549092831753,-2.180332242078904,6.767262309441644,7.06025851736418,3.7454460136280905
-9.341369836942683,-9.024915919502348,1.902186331371987,6.792712559624095,-8.236324841517456,-3.383998955746085,4.347284039087807,6.145947259123129,4.463451037267579,-4.663118647235878
10.274442660802562,-4.527696275930628,1.1896029791045266,-9.50546472309123,-5.776540309506902,-9.722184882946655,-5.910736220389038,2.743526173479049,3.170318753707903,-8.065095493201529
-2.512500612910972,-7.33457283297566,1.313535255572853,-6.489894891470194,-7.704499518225462,7.8780777395832295,-9.22318902711176,4.943379369131296,2.753565015492291,3.073719958274454
5.324766107892028,-4.345213724148931,-4.065185158461576,-8.283400635519497,-5.029075512532323,-4.1396251897229455,-2.7617203769690857,-1.9172231054961273,-3.266297803079085,5.206890201014512
5.477451434369565,-5.07271159614164,1.7875995307356987,6.25076783147321,-4.694326304224818,4.275484527192914,-3.6699207304020267,-2.2985429129940456,-3.9467364945961614,-4.081439805976121
1.0747206594472498,-8.221711132072166,-8.468681189180316,5.720296716910164,-5.464148760410887,2.190738738194785,-3.558953994803826,5.777536516940775,6.782252575405837,3.4344202708147606
4.369105946358159,7.464044751825983,-2.5637251535009846,-5.771065360793844,8.53942938211702,2.196344207918914,-4.507919726366567,6.914590053163779,5.6448448404752956,-1.7909923656965205
7.455670390520567,-10.370812857984292,-1.0005207412656736,0.6730759558788716,-6.091686334662366,-5.331993946407334,-8.833795997257893,9.623098208140917,6.928448549458641,3.2658308903612996
-1.6529252953337044,1.2413272459124034,3.4271387423869415,6.222775771422105,-0.9892164317346306,-5.242726022220747,-10.175246803548626,7.647169374195731,7.338112742282117,-5.496901484667217
-3.6094537199890326,-3.85714650646309,10.13555359702731,2.8094578475205947,-0.5328302204199704,1.0505567270912626,10.59411165915182,-1.3081922703136029,0.1954088068439804,8.667828295245009
2.0878615433243306,9.676029919355287,0.270249357086076,0.4160895829204333,10.794013208572856,8.131177370475815,-2.8020548651246875,-1.8496841401637716,-0.8181027404468225,-4.080338753098014
6.64310363038711,-9.83703377649515,5.281316854173448,2.836394365102498,-8.732600794665988,9.051504752640097,-3.2141384393188472,6.678615608196834,6.539031392576703,-1.4916321416152496
3.2963309402098924,-2.3631858236218086,-0.1513505818150907,-0.16968418845953925,-1.0357546826120072,-9.167474912680875,2.6287455824381527,1.1161284074967193,1.2134121236211919,-10.055564751889957
3.9059155198884894,11.032786821311912,2.7954750194933164,-4.895465275082568,9.725553628533607,-6.023361785088261,-4.554866183559406,3.6670184922161444,3.679707872701605,-7.301805331442621
-0.5491532090397726,7.6707904093154,-8.12236167565024,2.2261120666830436,7.082666257926197,7.460919351733176,9.942012193144585,6.353166575760981,6.216960727913762,-0.8530426521502124
6.863704595635788,5.477947814020665,-5.100370821935881,3.446931144978761,5.5175059320136,5.060818357166796,6.214205525356036,7.9852823731812395,7.983941352673829,-5.7622278236736575
-7.653214257661867,-4.873146948040287,-2.8665249893030067,6.956297503565938,-5.56105291055039,6.845865827303906,-7.139850088543013,-2.8146519987851115,-0.5470631989887873,6.078673681106099
-0.5056665455380807,-6.5642313801542365,-0.7640080674243674,2.875283169248271,-4.532436156412757,-6.313024399823656,-2.527667266713421,-2.266051091400266,-2.138540922633213,-10.648192410475168
-10.592737730711644,3.8454947443320253,-8.116708888164045,5.993180950481948,3.3735472174461023,2.255988170226421,7.930961271104272,-6.841495389869227,-9.12441580002463,-2.9661148453024144
-3.7710301496810987,7.22066141927089,-6.78075808880615,-4.416853769175994,9.369649784083176,4.544241287409003,8.76946601744504,0.6132864391846834,1.4701385728344074,-3.4672393753293353
-4.266663271146156,1.7278251341259268,-4.243130306436524,0.058385596053220024,0.34435847861104296,4.939206782495414,0.19491232888230847,-9.95814966252369,-11.05740085753161,-8.776292895316596
-2.8155748258381252,-1.2721378422047782,8.159702096928731,-8.65352763706979,0.6524008431763582,-1.9192198823374904,2.153003551661957,-1.4606990826216217,-0.7686393866475586,-7.833791058695498
4.561674471973924,-5.030302679158127,-3.7516396011521396,-5.5723889085553955,-3.3184333175443745,-9.38565130321049,-7.044263966568576,1.6830845060141417,0.019836637150772884,-3.312772208396888
-0.8015326103038694,4.901584821387193,0.5394903225808244,3.5033661962906204,4.0402824522872045,1.220783813680938,10.364281041300522,-3.3687763690392485,-3.35378468187415,0.9973595354440938
-1.4455623002079367,-5.625798202778294,-6.040349172108218,9.898530376606393,-6.674338796754804,-4.755979333785027,-4.4903968051399,2.267890530698723,1.2671249367846802,-2.751295188517658
-4.492629028197352,-3.503784419238258,2.8751328911045047,-7.9092680929960855,-3.492387860842895,-0.5554290291336821,8.18629028785571,-8.206501334329083,-9.506760917014258,0.5600331411372478
-4.449024238000666,-2.8968342815279504,-2.6198238893528805,-3.048626424138832,-1.3798986258316115,9.05331045422197,2.931857308494993,-10.431077092392094,-9.888594066420115,2.349170005054342
-4.795156213623359,-0.8327855521279147,-4.821542362022647,5.826124844079176,-0.026885711327055833,-3.8230441312438024,1.0962952639355301,8.119235324744304,8.190862565046498,-9.601913159040505
-9.340029939358608,-4.953125342150988,0.42461090661932277,-5.519969705702891,-4.755985570602472,7.1275030296194295,-2.244290797162768,-1.2729485500624835,-3.1174299378926533,0.376082736591554
2.376317484335529,-7.782330847080486,-10.40087318698731,1.462092381063806,-7.010407749398118,-5.864626407659521,-5.186144134231098,-6.723167749716558,-5.626232703483103,9.748987961144525
3.116503552860616,1.6332767391969045,-12.400268943071392,5.165713773977768,2.947038394291981,2.769036484152626,-5.860534003635203,2.2266641098671474,1.259016963214354,-0.48066397710613407
3.7102209299761246,-4.7082227247068635,-5.787008740435697,2.610673735341024,-5.213192743862711,8.255752052706354,-5.328209009509767,3.743247854294443,5.881937789307603,5.729407523170725
-1.6045547723284712,2.320932425611534,-9.591585245800426,-6.746513966961734,1.3406093305234479,-6.486258832037299,-8.220796474869276,-6.208027586325789,-5.314846302745617,-3.568389378324103
-1.776678098853573,-7.430438267385168,-7.449118722990797,-3.406209252934055,-5.717982832639016,-9.342155644561757,5.240840041258592,1.7225060556980525,2.851606814596256,5.332487336433744
6.987165528139971,-0.46528920693272413,-3.3766922401996555,4.476884291714069,0.5174492246702215,-1.5574251782694237,-5.215842576716479,-7.571571376367297,-10.22072327947025,6.422355060577873
0.22333022471469777,2.82172523911226,5.731328532159464,2.8693053218254283,-0.7210708004493467,-9.284523222120143,-7.4734453610778875,-10.016506316229991,-9.245248970778603,0.6753718990128508
-0.6002163405645894,-10.387211900435384,-0.3384260631212048,-9.881957364522451,-8.61204936319926,4.145872165103281,8.295998020698141,1.384587780700445,1.472250602547281,9.919504658523598
-10.332831788365398,-5.119757167696246,-0.6866133100217388,4.994962144767025,-5.246139685496399,9.59356367375741,8.931121308728411,2.1832385761988435,0.7638052487280244,-4.996811706146245
-3.1891424133835446,-6.528116796421909,-3.6535724950370096,-10.222564982647677,-7.264771559160145,-1.1819186049567776,9.500915307588405,3.4438009300481314,1.3434081831605569,-9.936168130463427
-2.4587358464046805,-9.41114365183875,10.350982019789022,7.850333556952421,-6.834733573798669,-5.376354223891887,8.997566100392644,4.805577698114731,4.46942222387576,5.085403341124523
-1.782304133655261,9.480967120056285,-2.1572245590017904,-7.023716828918148,8.851311930529919,-0.8022443886431487,-7.654879966877999,8.529168248349942,11.221147105506184,6.259689259310115
1.6879525302395086,-4.334079478636655,-7.930333590510447,8.732621676781532,-4.387246145997123,3.654558169553697,-1.7247894055604867,-0.5208440001014588,1.5728986815586252,-6.524339482007436
1.4700454841498058,5.937688776325186,3.293808479308831,-2.22534813767225,6.961518698665558,-8.3180737381122,4.320445476898755,-2.291251635878414,-3.6028745505411126,-6.194877371018277
3.081610471916261,-3.3086487926283814,-8.534126066668222,-2.86115470749414,-6.449988419934369,3.1418803245906686,4.022897003234052,6.683072899279406,6.85517317243216,-11.614508624143927
4.247041909014763,4.432182903096704,-2.728723100680716,-6.064306938135422,2.997299414593546,1.7992596265448046,-7.404909464009817,-4.62237449413606,-4.949861995126567,-4.720943055008854
7.128487274912643,6.0667807096807085,-0.5922513319759819,-2.0803071824264396,5.800998335375484,2.12509469088785,4.535504085346723,-1.6384811316531684,-2.924443172713997,3.828914519314143
3.1761250974200332,0.49654775636424087,8.349274932194527,8.039172892024723,1.2784889644674833,-7.7776915990747355,-7.741656582391245,-10.456680246266059,-9.355338361284236,-0.06562079327405956
9.69832980723643,-1.7196299655497018,0.022334654754105093,8.870655952578279,-0.8044462162078042,2.7994736960111677,-5.296963455052942,-10.563837550375288,-7.930096363182652,-2.535588440504948
-9.0156095617699,-4.602260376540055,4.343627134614725,-2.890754514984815,-1.0189960067395938,-9.511640048322228,0.1779307115376456,11.164387380698226,8.978975211729198,-3.455962965425658
-7.995757177991583,-3.8320154902228483,9.073738182562819,-0.7199550083952646,-2.601088585603533,-5.879402929676598,1.3057088799199303,5.439146839241651,6.4762184308691,-11.39975406247198
-9.755763253907748,9.547286071342176,-6.663185242429583,6.509644805560566,8.85740128125192,7.22316722864828,2.2975879958500083,4.108963943095041,3.61964592559908,-3.9346522869799347
2.480998169731744,7.129334671502955,-2.4206565683785937,6.326110130877192,6.273265876484545,3.4291275271160866,-6.996820975412458,-0.8134971385194047,0.08319547785840364,3.7917183173737805
7.201845721064364,9.079024950378129,-3.116390183475278,3.0634631889609096,9.670599328599208,-10.006252962237651,7.276672531245799,-7.789036266585377,-4.908154683221022,7.78891543781053
-3.779501737775009,-7.536355814007159,-1.9031954368708965,-1.989571666896996,-7.637788210388862,-4.527137644956647,-5.02859785513574,-6.686548671797195,-4.652478913130144,7.761448937983973
7.8870117552887145,3.92846396149748,-1.5479710205209933,-0.9097326477980444,5.075155113998671,-5.184030990221122,-6.909558541230033,-4.057226499197439,-5.154187247108145,-8.710794503351092
-9.601029123326834,8.971568018822541,8.938626263126915,3.810368213300205,8.26987711130278,-6.48354372011943,6.418026027679969,0.9970326160296593,1.280157782869504,8.925297195653416
8.764415476115378,-5.609460397206182,3.7211066040476592,-10.778067358040753,-6.557907651066338,-5.177068074886103,9.336183019342766,7.160321509668014,2.775275904580455,6.8824484808442055
-2.2819565089088956,-10.285961440074923,-0.6749260083286641,3.1426595285981467,-9.660032445216464,-10.132814862114696,7.794438317131165,1.5353482754764305,4.680881960472901,7.809536396079224
-8.113232017025798,5.122060673638529,-2.4533561485803332,-2.235708764067231,4.787405375794945,0.08053902907668153,6.870551702915189,-3.3425935311972643,-5.569101612349078,-1.1961768685476257
0.8838057293957653,2.4218971345529052,7.236313804010038,6.856003591281408,0.6784613999693931,5.438815912076801,1.1680869102779696,8.924503875867417,9.31408117702651,-1.9303225608320855
-4.333492983625751,6.421475246202071,7.358262699213112,-8.153491838915992,5.722529085003448,1.236607268024269,0.2557921423738464,5.529858488752044,3.6606358062825253,-4.358123856584173
-6.480753280492973,-6.503851855353626,5.816396859224973,1.1642233156479604,-6.945891319618822,2.691388169561196,-9.138528054595263,1.528388201927259,0.4982142234893172,-8.684125976156873
-4.383667664981277,8.720000681670356,-8.400515466643217,-1.9393291973013662,6.118086013055464,-8.838283479773525,-1.7310487841768134,1.501258727577048,1.397152493637344,-3.902419374489706
5.498675857301569,-6.0717963920320015,4.175823822126006,3.6658837862439544,-5.184579864096537,6.777020808804403,-2.0654850799857365,-1.379002358984861,-2.215874012120019,-6.412941784370176
1.2625864869345111,-6.333574092680586,-8.038652348479042,-8.279038627896647,-7.158006712261009,7.105804850301073,-3.3082139173474943,-6.9032816613751375,-5.58450291312583,-1.1795082779615433
-6.398663073254039,-7.452741125041532,-5.0239680272854255,0.6338931156986655,-6.306631194543385,5.828961823573125,3.973436793403625,-2.2772989264033745,-3.4288152218998453,6.32606906843844
4.755685374936089,6.472745567229692,-8.726518574232058,0.6911180858938506,6.842291976901305,7.429851183403208,-0.5800577967337968,5.455080675277907,5.990256121067689,0.49623307486102286
4.854039579358082,3.764216038906306,1.9449832538616278,0.7464430763719776,3.7487182217555968,7.555800944692672,-7.229403662968294,-9.07347005876178,-10.816993020467402,-9.206242657873865
-4.398643181411634,0.6561508356525245,4.860038053120972,0.586768899946678,-0.36434518741975563,0.2659563740240227,-5.299759022473468,-6.620428864774524,-7.458005762847808,10.010198020884799
-0.5474502530738239,-3.8430856372388074,-8.586089645177008,2.71167634792211,-2.6740268352587617,-7.500884900686597,4.932826784379892,-8.712327319355234,-7.861988007259386,9.19570222437428
-5.218624080448425,7.750372587587616,-3.129021993984615,4.965949636809042,7.908151112316827,1.3313815935565696,-8.18865480718416,-9.037334533822321,-9.698620318133994,7.204065471969155
-5.50626636471799,-0.6889019128296554,0.13500476594685695,-5.016064609323649,-2.1439193846393505,3.675647877290561,5.867021662262104,6.228143343558853,6.391292789472543,9.901067625111184
4.571170175771276,6.780624553946069,-2.6633010202932295,5.762290705271679,4.245511131060457,5.754321545926953,-1.43019781449832,3.360936423951423,3.8426325624202233,1.9152787698778404
-6.240543021623079,-0.2553146395237911,-6.20103263484233,-1.6618912755976762,-1.056812204622152,-0.2692813654137902,-1.939780702525969,0.6702112019238358,0.6632017901072149,11.897378915556743
0.3617419199742542,-2.6981233815144763,-2.2925564032310364,-6.436244186743895,-0.24858037210460626,-8.506649928583824,2.5102075279488245,-6.606981381273991,-7.849209156026612,-7.889800032617519
3.7051297904437535,0.00349595281583881,4.968782595829537,-7.576440684091186,-1.1064435553648544,-2.9585046352592475,7.682216141589991,-0.4057929339754074,-0.6988967922709518,-2.63705686897773
-8.688573529819665,-3.693174678500633,-9.502259694178845,-4.09425304759877,-4.70051961457248,7.1458669032543325,-1.194453700569758,-0.4845618371354127,-0.04668793320064707,-4.769927654643705
0.6592302928785745,4.00127687383779,-8.389037036938364,5.970360938882961,5.32553616323642,1.5206777719768774,4.403428383504512,-7.440576976793462,-7.638254751636119,-6.448619175518484
-6.219300290315708,0.37292880664845796,-4.383121100279115,4.57108378463961,0.3667860123161552,1.3657421969778634,2.4774778574508076,-0.1502101699730949,-0.6416075047975918,-4.795973316621746
9.182666054066575,-6.347442760503965,8.34688081142354,6.963385148221605,-4.163010931647239,-5.8306891048994824,-5.239450929265258,-1.364488488360752,-1.6212980043507632,2.6283438690159144
-2.0137546428278927,7.358611190606576,1.9351990695301633,-0.4732238978278913,6.73362330958248,-1.8219088109370434,6.416183910359304,4.258219397508078,2.0091934899054458,5.353503794720589
6.310767519646874,-2.1328472652433974,4.267322366642555,-0.10391325690776365,-1.590795319960779,7.057200861585689,6.798599764556115,1.8235499401731365,1.8632872189056444,0.7302789833871765
0.9682002350828927,1.1683014956598958,-2.045010843483049,-7.598854770081257,1.4614792835312354,2.8462770244638733,3.5867174454079103,-9.471927703577327,-9.980600726842567,-5.963525616629368
-8.98481404451693,6.940209754213811,0.14295309368642406,-4.772007331982383,7.987295682350394,6.278423658056704,7.119078956225731,-2.2763017849450033,-1.9729303711246655,7.089662811497155
2.1408959418604545,3.538745689462718,-8.463490573944558,-0.595476117207997,2.823447236201532,-1.5765276958663854,7.733255499829039,3.163687852010497,3.7461788167737886,2.221739771860476
12.104927214313642,-7.090032907532246,5.219336054610698,-6.937232982285227,-6.632581704234361,2.642519248459024,4.490445016758901,-0.1529424659458787,-0.5745825754270412,-1.6602345323376673
3.3923523031069376,8.09191403665862,8.311745338261076,-2.9998519722450907,9.668957852297954,-5.347018653923942,8.024083427127001,6.256835733312744,7.588183527317929,1.9740499425084033
5.139234688451079,1.016576264979181,1.6103551066717388,0.7647806161845632,1.4111417493546277,4.238584612373544,5.244414818202628,4.055280161302472,1.0868456137768319,-4.6169298400701875
7.916997354395055,-3.4467922859397087,10.29830246032995,5.412181969864585,-2.481729520102793,-3.828712431456752,4.147035787546355,-6.020176095825825,-7.325929189028606,-2.6433994780390955
-6.046410703958674,-7.6605022605934145,3.160492611019366,9.557148984065462,-7.279247151764773,-2.978771518913172,3.2180304368666133,-9.50489915255513,-8.619683984862306,10.057046672199029
-6.773582928542881,5.993644242458942,-7.568725205057097,9.445625337395185,5.953377883421434,3.602413497584471,5.5683953435776,4.203828365231808,1.9387021471444785,-4.960728689300281
0.8795477058959,2.038338457414704,8.22868841834876,1.3808144394725792,2.4746521095719647,9.762793835027583,-7.289067626173145,-8.29957507997096,-10.40628016395716,-1.8785872656435925
-1.3472139131066523,-1.338235021218579,-7.325975492432087,-2.8378087098171236,0.518978850728171,-9.630359771359103,8.373979858891708,1.849808122717058,1.0477320690003789,6.90739478699525
6.115845822264832,7.489504722717996,1.0390884260820634,1.9476724709981696,9.069559158126218,6.250836394769018,6.042375486045379,8.884202690875188,9.096797556825525,2.8178585050356286
8.968288491985426,5.466325113422301,-7.655891419919298,5.791996407272724,5.688226264641402,-3.8576185388538358,-8.361162787012933,2.0635413286334874,1.3221545391112053,-7.419278118946962
-1.9377901994151987,-6.332841380570918,-10.717052155769874,-8.274357448070608,-8.086048533728146,-0.42839330821374033,5.321812071529219,-3.09830454612582,-4.4748327091945335,-5.505299819396557
-3.8886744352989098,-4.463758318700084,-1.9011366176933555,-1.1428478621608154,-4.159088500058764,-11.589410696170669,-7.136799363736363,2.895795848011146,0.7450642162119974,-9.522951606612835
4.758123538803132,-3.351542530338119,-5.106113207862019,7.82294033097026,-4.851522486900209,-4.865118690292116,-4.142776873243321,-2.987325734778847,-1.441807368026842,3.8397307502684157
-4.028513678345268,2.967285300801782,-0.23216480426325672,-1.7237634200937646,6.10814063575059,-0.2799545272472662,5.423554108906583,1.7887914318216351,1.3700223723722518,-0.9125731112113977
7.08474058691587,-8.018183807481787,0.97980155483053,3.0562330642045983,-8.726256620335578,-8.173338255815171,-6.818727304961746,7.267802953088642,6.081791332805267,-7.409614629655255
-1.9994131021287092,1.1734747265482253,-10.619256347110804,2.171213846699307,0.5472584186792862,2.3203450713847973,4.764584524217909,-0.7745274155555164,-2.777677420136146,8.825644802081648
2.579226028436534,6.108758587157367,-6.2847883091501835,-7.52737164766738,7.734363631492702,8.314206850358827,7.063383190173319,8.893691182511834,8.697563419960861,0.2828034875348327
-6.479773057530663,7.615114219293722,0.6751754055794672,-1.3919146534158926,7.800088046212968,-9.299113099947885,-0.4285661016159865,7.895345857190098,9.495350617329724,-6.7099356740512475
2.7046823692635145,-2.018809489656382,-4.404789741522148,-3.9149304607673545,-1.8829742876828364,5.691082638711385,-8.991135844849959,-6.7119112102985765,-6.469199115926935,0.2763261867014896
-0.32867867454367883,6.037784128887447,4.415210616501419,-8.565647329673135,6.273431659863029,-0.4855831429394364,-4.2579116477673375,-8.900812856418767,-8.229784997755763,3.5520727444881124
0.9100932516815542,-8.885985686073667,3.1142045378064522,-7.942430505617789,-7.254006016190406,3.211488411466261,2.7339593529028816,-6.565908627303431,-7.843182832364004,-7.729854916450834
-7.859000311624925,8.349550121961427,5.1656205342191015,7.09062888424587,7.768514339208768,-5.701916585449706,8.666154605533258,-12.123372143504085,-11.766129966776205,-4.412400202603551
4.168025124391532,-7.563707399242493,4.181504200510268,-6.034742613708401,-6.232032041606096,-5.852160807692815,2.046938308906005,-6.834175398793244,-7.342933568249695,5.976606116110781
7.131920163474573,-1.832695715168444,-2.448536020887301,-0.5566368417334824,-0.9968858834144296,-6.127202096077037,-5.262567014817889,3.9981589494288454,3.8755319737834255,-1.6778956219544063
-6.729424005001836,7.180659229635866,5.170361257079437,-2.7027440613394034,6.8181043156640495,-9.61624193133273,3.5368165422347837,-9.783248678652637,-8.06795839112083,1.0036960774676593
-8.09555369824715,-8.033606695118959,-3.9684160028148954,8.644462216663994,-7.316738184218633,-5.905640284440798,2.477084682122598,-4.695799787174012,0.30575031231155236,-0.6054427249944525
-11.215733467141773,-4.819481197707914,-4.273630014545063,-4.734491287742359,-5.986718137303232,4.281653267438238,4.791736151279996,8.573899246597293,4.8133932798905015,-10.265340138223758
1.7193825863954488,3.855156611398434,5.034535428098516,-0.6480393290576882,4.777658878185522,8.815702279429054,-6.783539078803151,-10.480068165226214,-7.8098646355223735,-6.597530649916142
2.8127919700524906,4.268561375277116,-1.176577379531981,8.150927871772362,5.333858803262557,6.216064736513779,3.0508806323148585,5.136019141182757,6.001922132378361,-0.856124273632698
1.5377387745592945,2.8952316230902344,6.580397551950339,7.117471148221635,2.6002319569293384,3.3446067513103626,-0.36885782757008334,-3.2255899621672723,-4.0755756001289924,-6.534355475459708
-5.752934843067358,2.3787470278950655,6.422953344780369,-6.486640014294919,4.9441408550563875,-6.564088909696683,8.301061620993117,-7.298150571280961,-7.682215692868117,-9.588275731714425
-3.19964439096666,0.07565182413148874,6.934087946088818,5.740197750181852,2.307105612438103,-5.426411577061888,-4.515065368667001,2.9968177307466135,3.510506973884969,7.103604129802689
0.8621231521974508,-3.6129459294478057,8.391075007642042,0.02163656004919512,-5.880339740934365,-3.365283202629615,1.068849472891382,2.795481911002298,2.0090240073589207,8.490429564989693
-0.4379310687579256,-2.1998889413368157,-1.9841545209710298,0.21294697277489716,-3.923000833717891,-6.3708876994120045,9.053561022338148,6.523687586900781,7.878949006114068,6.212781195184181
10.400228895943036,-6.430685241298721,-3.9658695604202614,-7.587700552298914,-6.5084207228768225,1.3654894664540655,-8.163873137914276,5.802242274500321,3.1842471794060367,6.18034406043414
-6.342959257521013,8.412134685185459,-0.4418175070227277,-7.305857411864366,8.476623894861763,0.4530307819822891,9.123975142334134,7.130989572570104,6.820197775218736,-4.097603700625876
3.4063593454699057,1.3735933896859507,-1.6028253003950803,4.42975202434552,1.1432688815553576,-1.5936972609303266,4.448187132137781,-3.8273023497519274,-4.7755029534591245,11.550367255652294
-3.0671170638989413,-0.6263882788992201,2.3202811163264205,-0.9224391272283974,-0.6307689858600578,-2.432804068915753,-8.377641824724028,-6.089548063158528,-7.581278463445901,-6.922242712633253
-1.168164063621372,-0.9602365049115107,3.3382614088430618,-2.0219566465997536,-0.33581706559889557,5.347891728059697,-3.3229654849133015,6.773483157684542,4.562282174821354,9.562804069611321
3.528420342537676,9.177508884371154,5.666835351197977,3.611423736738168,8.985113840477046,7.210484698470956,4.093909486663362,6.136381112733506,7.393844002207853,9.169643974437001
3.3304703876261907,-5.7869417935363305,-2.4219257792051865,5.037847963218508,-8.368881461546923,-2.2928380999573577,-9.83998135893031,8.628228714592666,9.274767752997244,5.2754102887187635
11.150395964480802,0.9472251554900377,-7.698939538000141,-5.588112368276736,0.4087808239084372,9.158055370064401,2.701223384346261,-1.2981725489391636,-1.3891928435618501,8.357616226751224
-6.6049987823517275,1.676562762186214,-0.5326758092853909,1.3994078085223163,0.39878282797112635,8.294712475013903,-3.6714509937219924,-0.4735912346072224,-3.2905945598598096,1.8713823497697855
-7.759832700065222,0.6986232989495802,-6.750068901852563,-7.104442593428186,0.09648908253812083,-3.7711631137565926,1.482714056587116,4.513499721654084,6.286181064763555,-5.682153303367547
3.2148573414621,-8.008154192470391,8.196520689160385,4.3708123749535,-8.625158913939119,-2.7660738067331434,-9.263077199554141,-3.5453919616336287,-2.498421456149439,-1.4670668757859515
1.7791349075988407,7.069802594931054,-3.5082063898944424,2.878794084071353,7.284324334510709,-0.5910273308922567,6.517925203751011,9.031592550172748,10.463755345367707,0.8401934324284126
-3.454129378016357,8.399666901846965,-6.460309331755489,7.622251209683908,11.88545861926698,10.514762823136675,9.052349001558506,7.114350187854499,6.9926910913610225,-7.716018288563947
-8.787246285985804,-0.5873464993987636,-9.752803092106076,-8.841377902028112,3.61057992240029,7.670715134572267,9.721611027277296,-2.4024230328769485,-0.7514646477417273,1.6098849379053353
-6.935720918084674,3.4782217601601513,3.472389177375528,-9.052610956779876,3.7515674082903274,-10.65198879543556,5.341378374104622,6.139279212060418,5.115488895368892,10.175520994577719
9.176562782800572,7.410181092519031,0.8331018950842268,-3.8159705621003024,8.3436506210146,-1.8060293218154553,-8.29610526381299,7.4108982037109055,6.386729263556661,-6.541945032587781
