0.5556286809724269,0.23057925256051284,0.4966503143057607,-0.0034187097809792837,0.3344879307653252,-0.0896351279855174,1.0155140201139943,0.00816380762755446,-1.0770355426202376,1.5341264227842977,2.1251060476590498,2.586683614166304,0.7782620932383112,-0.12436192349234915,0.10866172753113998,0.9675954355265959,0.7943636274076358,0.2577791400175247,0.25714397607550593
0.39237691934964924,1.1492557069316793,-0.33803849850900425,-0.0508945605531567,0.5591282868555202,0.6618194121415416,-0.008889881965440622,0.686013464806757,0.9180022194914633,0.6110794830245505,0.786899859239454,1.0243345685103504,1.026029179446327,0.7472304866418842,-0.9821396390986504,-1.8126701875830484,-2.2023289507362005,-0.554812294689619,-1.3549169311346718
-0.28420373319523323,-0.3930668863534788,-0.5337857130909551,1.6299724679631913,1.5631119964448121,2.102533163406018,1.728722767933637,2.356916628932544,2.057858042422611,1.0099656599823774,0.011142882258483741,-0.8135914412292243,2.0554322522722805,1.9673208916698681,-0.860085105203391,-0.09105338325328467,-0.6026758069573651,-0.3915084262872206,-0.8527192528978067
-0.09535123542116136,0.30868012925471877,-0.5128607482403378,-0.13980790792842684,-0.3482709579935334,-0.3245413752526343,-0.567455915619937,0.15981348729918685,0.12659806481380592,0.1928434215347244,0.4487610287116611,-0.3133926238326031,-0.6599433741452332,-0.5929674794385916,0.1466838005470187,0.4001526038275635,0.22510857309140633,1.1362989973472557,0.7392858482206283
-2.8152760878134155,-2.8998920995117072,-2.7200179629345143,-1.0044739295280891,-1.5686354544465562,-0.6508267939271998,-0.9761078660074695,0.47299063611806724,0.467502114839131,1.411213909573356,0.889882122091991,-0.17105935607663109,-1.2662493988492833,-0.5620829269710643,0.23622948836193744,-0.17531839028691742,-0.2427288133578138,-1.4926882179466041,-1.530823389769077
0.7246255548962017,1.1978558405954494,0.3067466666243673,0.009635534882395836,1.446246897668686,0.5822785442455362,1.5013640556775216,0.7957156779643296,0.8822678168804718,0.7232205346452054,0.779834898669804,1.6041911891660168,1.6144025244185294,0.8601036257182193,-0.5997315482517223,-0.852087673992621,-1.012839266019528,-1.0814315248151969,-0.4225155922086142
-0.759192825185401,-0.42767895317663907,-0.5552094559198724,1.0223476730754744,0.912442474070957,1.6279460169321052,1.2882399673430227,0.9095656971735384,0.617514660954152,-0.9452576898213163,-0.9865904511193767,-0.6209739092705058,0.11527658817824671,-0.25863546496711337,-1.2597096975478088,-0.9489983037324615,-1.3692072869600511,-0.8376530262937144,-1.107957633951355
-0.49033277221271476,0.026089824649250533,0.6976305895641299,0.9816439565364544,1.8875555084974227,0.8511110799233,1.5571475086196533,1.0093489328306378,1.2096731135032133,-0.146521977185267,-0.5038126361703857,0.006764779031513048,0.1486346738662553,0.18111365382574163,-0.746448687215917,-0.35470993754686414,-0.6238267394642923,-0.48587091751169365,0.03551098441946478
-1.380496362693409,-1.4131886234832876,-1.2614842723474697,-0.26187740143894883,-1.210006211729518,-1.3261614311849321,-1.496833074845969,-1.2957200286224377,-0.4981569872975931,1.6698195112959926,2.073453515325422,1.0101046488660743,-1.8160912961777662,-1.0579609590280727,-0.3203680610399112,-1.220597899242466,-0.7954618025329784,0.410556901628568,-0.5518479503938645
-0.8851431478623076,-0.7508455360266337,-0.586765909819008,-0.2160815044707506,0.47904749937494456,0.21657615480337125,0.4494408060803202,0.36743995506322463,-0.03010483204522182,1.08527784066749,1.2509824921234487,2.1160534853853665,0.5675771819747732,0.5253972509807947,0.5491419810637865,1.6863759666819345,0.6600895358514668,-0.17928331265478728,0.7356062723899451
0.2520849480770189,-0.15115724294608007,-0.17975916906182074,0.7810474497267212,0.9912724944139142,1.0200943527465618,1.2037641948766786,0.4615175061540263,0.6026633542916109,1.094921275886931,0.6873049310429012,0.9567590764294202,1.9480832335534077,1.2618703344259103,0.8527056400022144,0.5681383646664097,0.8926629150572796,0.8893598059901135,0.536931375861988
-0.5737283317499632,-0.6908586624874135,-1.0419092039464604,0.557090360259719,0.22330446223803266,0.07541090886407628,-0.7299184105890799,0.6140206011447853,0.8277965664954118,0.9358644420918149,1.0612202371904917,0.045454265606389266,0.5810809321783705,0.5603199719384774,0.05410871474968176,-0.7462440748579469,-0.7660122938388783,0.8216367928723591,-0.43612423500639474
0.36678372645411994,-0.4690026859530265,0.004856270172829437,0.9570755321421688,0.6453608269939307,0.6239312278219706,-0.03747747375449765,1.6207713651590943,1.0284839741242553,1.0218694854149912,1.1914165469634028,0.7206162850427482,0.06394252153876878,0.4489147267492812,0.8514836432532541,1.2144943363033167,1.3592657698634227,-0.025462589639604537,-0.23561536926665336
0.8138593223081633,0.6461550075806406,0.7941049782688556,0.08256752718368907,1.0051203995480678,0.7825017155509378,0.39813043578418755,0.9911903540108501,1.1021574319421479,0.5424236880424416,-0.008219391689031954,0.42538020881003535,2.1703058649213975,1.979527463235844,-0.8083081709908704,-1.0095321872326721,-1.824336775997173,-1.38006430293163,-1.1052578959200903
-1.2790482927870304,-2.008775570412717,-2.5411702309869155,1.2865163462640645,0.4836031427799227,0.24974151261941482,-0.19212785022608675,-0.606616410217778,-0.545470608686157,-1.804720188295801,-0.1435732765033305,-0.11929672277431491,0.035793277929527356,-0.4384491669580925,0.8069309404766453,1.2948184653895687,1.017724889548124,0.9021292549053976,1.7730389241017017
-0.9015460687969457,-1.0826751003627817,-0.0727365699559246,0.8821355906950274,0.5029073437124987,-0.5405723489694892,-0.5730453885313357,-0.2154667290845578,-0.6055049296828977,-0.502416391165199,-0.30553066778763577,-0.7965945050184233,-0.03407242939520769,0.1885995782872767,-0.29259756887327115,0.932247237383003,0.9135130546563606,1.4476017766434748,0.6971014137175282
0.07742998463690876,0.8220568040872673,0.46060408019899596,1.0621486742729573,1.051370997997131,0.2879328646123491,0.9988518388025269,0.4547514899900502,1.413439849757543,0.623935924101331,-0.1147712719400869,-0.6117832254108808,-0.36936529666696555,0.436319577990319,0.7253135646997316,-0.33640917078548016,1.4186243252630655,1.1502504350320018,0.3973883000329691
-0.9009330005028126,0.3485567982523649,-0.17692367104163437,-1.0159607711504515,-0.23396873304838217,1.1149347924567263,1.3627676727201463,1.2405188796402018,0.8482684508143916,0.47773564459087253,-0.5281815716002719,0.07412025799348007,-0.7633266223386184,-1.4308209191707808,-0.02041162023319363,-0.5050970385044158,-0.7882618320787187,-0.5341132592143677,-0.9599347309219984
1.6451241163465786,1.9400243503532417,2.6272473975815513,-0.04164934189896974,1.2024142641259754,0.14830730190939442,0.9719857326768823,0.5671058565026471,1.0234929418252885,0.34139565560334634,-0.6450882211555148,-0.0446159298321421,0.749926742894177,1.2474459372714546,-1.195227587197964,-1.2262311760607294,-1.0534065497384337,-1.6770687069381645,-0.9472426699442631
-1.3371338162792872,-1.0887828201579446,-0.3777670319982232,0.2134839931166531,0.10439013037265577,0.7458498281493693,0.7057742700772539,-0.7226131837247646,-0.5393617227726771,-0.7688634462433277,-1.1295232660026433,-0.07241140930735616,-0.5192819938409476,-0.6383425677906676,-0.38504457257951813,0.3056352294711949,0.03889433455601063,0.057129431560814604,0.15852006981732064
-0.9583762051161923,-1.5604863595142553,-0.870070225638553,-0.5716867883464923,-1.000968951635429,-0.8069972282365554,-0.8716769805698719,-1.0446124506972996,-0.9256065034842716,-0.46294448896627716,-0.6960065635578577,-1.0136666656165854,0.16836866718112076,0.0183989539211043,-0.2603301651328723,-0.1640187564330341,-0.1937317882735303,-0.2658031007047934,-0.22172453835690448
-0.3231360221921,-0.18776139012886062,0.36771224180458306,1.9182973758597603,2.4027919800690767,0.8513516826986276,2.9365806597366113,0.40426803008780027,0.5292890903610765,0.3678482006974802,0.423136901451522,0.4487683156441569,1.7849377521748102,1.245314194388875,-0.1770543877139363,0.12049476166760016,0.10043894350003443,0.4487632257043908,1.3843955706471032
1.9467894049131858,2.4894766275780364,1.9857200474263512,-0.19170561274439454,0.591052695216357,0.13339431085531903,0.45603229666909956,-0.47080308751353217,-0.2491784128408018,-2.015258853375274,-2.1915589714870576,-0.9744795196617311,0.9654011308442533,0.970136663507135,0.043114333903046746,-0.14519924685313568,0.2702358251871952,-0.18448564856770866,0.46953641606443836
-0.14700708111602911,-0.46709954123244535,0.651306488008946,0.6439547917388232,0.62034384599537,-0.15103688404287782,-0.6387451376701809,0.2259805361912409,0.16993776951074363,-1.2110110209788747,-0.9040065940840164,-0.8810675261108047,-1.1876366690199145,-1.0175315524254716,-0.12177740346472696,0.28061381279497094,0.3209202618618723,0.561259988602384,0.3502328161853906
-0.7932680828384582,-2.09296766761708,-1.6364008725595551,-0.1395209015967807,-1.3153811923192293,-0.06098877242019875,-0.8217235223328012,-0.0849706445556229,-0.6642014449322423,-0.28361575031450903,-0.18826014840468733,-0.5559572986941262,-0.1906893789827587,0.07185778673639755,-0.5319093354507295,-0.3674312052616477,0.12873665613228005,-2.289108485573046,-2.3325745354485
1.1154013103543632,0.9089056033146279,0.7591397669244335,-0.24922659192856636,-0.9207233181587247,-0.11591957109631533,-0.8414450516477048,0.27296481688590074,0.28923998535244555,-0.7647930476376914,-1.1614866484226531,-1.639660700881219,-1.0514728381117833,-0.27512397151841367,0.5830442169574758,-0.1282642395720868,0.9740825890297342,-0.2894753632641533,-0.7648867724565374
-0.8798359964697828,0.002219102250004382,-0.4213377824402975,1.2573982727677642,1.9050286069888056,1.6621325496548907,2.0120640079978434,1.448612415514167,2.1555352268618075,-0.5358744341748091,-0.6837470018739178,0.03124031670773581,-0.4010228032763129,0.0042861973447631515,0.8319404998689638,0.20259578018259208,0.21665909983134504,-0.3994723848532547,0.7716997419290106
1.429585332340736,-0.6411167161653711,1.6184714373548634,-1.0427490580981884,-0.944225585792551,-2.0203240993413565,-1.0676179864670983,-0.4276921265888091,-0.213505256552277,0.2793923006787738,-0.19859583370390926,-1.4120264040925303,0.20785127179117904,0.0938828752287582,1.1899147009930973,0.3406008174989036,0.7401560047520918,-0.8284647200474717,0.7503864251095756
0.8188666486139682,0.959610838636038,1.2671719398181185,-1.4272041729215912,-1.6497041847505496,-1.9174861788789108,-1.232874713286487,-2.534809970451006,-2.615081136053769,-1.2005163459369728,-1.2730598083921465,-0.7866316764983158,-0.33633769897844024,-0.037003015767207485,-0.9949710972578756,-0.6956332801870639,0.14862744879598064,-0.42379693763599857,-0.666565273763265
-1.2862051583221537,-0.3815494158633369,-1.0324594782084309,-0.44093200209686323,-0.07036834160438069,-1.3928404662586806,-0.5468421190181061,-1.4071704317551654,-1.1019721328361602,-1.6720030407491289,-1.2359994309728124,-0.8965131755483602,0.4604861924767095,0.48308386366868716,-0.3986461005133399,-1.0560227732301624,-0.3335315120004636,-0.08930121495417556,-0.22172093518960545
0.4163115497685304,0.27079526398410947,0.11009957542968578,-0.19597058867497325,-0.5692189698144018,-0.46476394612096394,-0.9727396837026958,-0.4239587619969212,-0.44131691442294885,0.14685737260314596,0.23755068202426577,-0.09023717158273056,0.5222085653588329,1.1014124005536465,0.29927605043530464,0.7737766725554134,0.29204094758637533,0.42990048834323996,0.5793293528956783
-0.3607242909193789,0.5210294937299264,-0.7246291464196973,0.7304887064629689,1.447346563613928,0.21342923655486026,1.2553591670200146,1.7975226768038857,1.2078384128394872,0.02656457517445864,0.5431316693736415,-0.018459562149765074,-0.06038055044568922,-0.45087608541835617,-0.6703759784523102,-0.8578515032924207,-0.15366360978710242,-0.4988374731552999,-0.8479434208384076
0.6436460965686926,0.7676089452846299,0.21488085021484268,-0.6512935683039135,-0.13877278406336624,-0.4002648178725942,-0.8155153511533891,0.23891775595776135,0.245855768249386,-1.2205337367874018,-0.7548358188758916,-0.3781801320410769,-0.6208503459700053,-0.6577584216481268,0.020739016180921256,-0.6318659453767654,-0.462047797134082,-0.9101455694054204,-0.561690304701593
0.007554604718310956,0.8950673380324706,-0.19727621405127063,-0.8165440760699081,-0.45524491551933877,-0.510233854890396,-0.7142729832344816,-0.13111605352543823,-0.6559988506377619,-1.5221961761183085,-1.5708700610951016,-1.2249759311288733,0.8122194867166809,0.5315439413464914,2.1337411131013173,2.219534541031144,2.369615072271654,2.416247352434419,2.00338648181627
-2.0282789245214152,-0.6980426029725194,-1.7310562345773703,-0.21057333946652682,1.0928048089153937,0.8537499894756173,0.738042877533182,1.4729354344508845,2.3087718925062477,-0.13706656463557557,-0.7167912902779215,0.2880253496171132,0.09192106169940696,0.6449284013384621,1.5125832670007027,0.2370896681449104,0.335150661350325,-0.8884848682124058,0.00020459643887852112
0.22251930301787537,1.4025307984782591,0.479161876059341,-0.8017765403899841,0.2662215882545371,0.8609940576592985,0.4884410449099443,0.9578683628879583,1.1903440314313884,0.4464903684245012,-0.02260585584012386,0.8478992512223453,-0.5549499074404574,-0.6769660163193937,0.46513665768999757,0.13996445640105432,-0.5216204799170375,0.1635423565658382,0.30845265668732824
-1.0522396325696801,-0.5601364132487816,-0.7436037180230582,-1.1247216642171298,-1.0939789063574006,-1.280569355826371,-0.6066274423484689,-0.7815134690032447,-1.2704428024171224,0.7532688299717798,0.7351062179394072,0.508886349759064,-0.015976853335219005,-0.3865166327834942,1.1180238705324774,0.9478470768662666,1.239783128791538,1.5219951956714068,0.7092002789355816
-1.2677301569163197,-0.8757019679057284,-0.8804814561516874,0.13669244908108918,0.35978836970222033,1.0298666259597307,0.5494497858415096,0.9390289431941453,1.209407609594204,-0.06913821829885922,-0.9520593774027705,-1.000130113510408,-0.4277875836545629,-1.167072280340746,-1.1418479042821803,-2.219511533233447,-1.5564679961584578,-0.4911873332180227,-2.1599525577830008
1.4768953646127456,0.037400815591704474,1.4749966657933036,-0.2400539215935093,0.297023337412887,-0.28163957354278496,-0.20156731616716497,0.586087810779992,-0.006239312490576632,0.9183265327829765,0.8244835767383596,0.41651867761784744,1.55988439976629,0.29893106687935117,0.7756063173963872,0.8820910423079035,0.0589989465146188,0.8725397427710055,1.0498961204614388
-0.3160124479521963,-1.0045593190865998,-0.2427417691317996,-1.1245634106034779,-2.1337005941484954,-2.6785081898990812,-2.2815850739423733,-3.433360799855762,-2.634562320616691,-0.6005963536735454,0.1445516369005602,0.1915871894223915,-1.7736400225502913,-0.6908579625697876,0.8429933519052427,0.9580876567429111,1.7289065637299954,0.4587630911098436,1.3891456063465406
0.9177370016517573,1.0822737982664719,0.24214604889710725,-0.13518539592255913,1.0077278608399598,1.6020009451392028,0.8343949682725809,2.207089865177357,1.834738129186711,-0.2745441261192777,-0.25050701611698967,0.265646865892697,0.4968605043559718,-0.45465275320760506,0.34692841142148073,0.5190701108171861,-0.8773140479897027,-0.4133983503153893,0.4688292758367548
-0.7844803199672824,-1.1192157252334234,-1.009006740211767,0.4267772396640241,1.3537050514353404,-0.5763494115652744,0.7774230673993754,0.8989640034904947,0.828738013787822,0.5346494843723039,0.26849785114299674,0.05583173095161737,2.264990156114963,1.890206706703645,0.21330142596707855,-0.8340804782650609,0.6934222108072076,-1.2832470299126462,-1.3785353388823942
0.42707200150472213,0.3457825388643538,1.1290041039805474,-0.5856102114428415,-0.5875782485355673,-0.4633075350645488,-0.1004278955196484,-0.3315630296387797,-0.5152910757261854,-0.2531393637638963,-0.654896258330092,-0.4540846718704692,-1.0909663461887367,-0.6845479313475303,-1.0410910280344474,-0.6750906463716149,-0.3058290681290256,-1.4410144444774609,-1.252933365581828
0.7389334043866073,0.9588273136667739,-0.1150690802629014,-0.6040853140736838,-0.7000298818206553,-1.4994568181444337,-1.7074808175244902,-1.8491273138756674,-1.769752291601135,-1.0508118854104813,0.6762717050410932,1.390036720570975,-0.8923627666178402,-0.42687415946745777,-1.1648320189367307,-1.044242737835157,-0.8395426153310142,-0.971431411079529,-0.7345116814458492
-0.4531905168913937,-0.14534989371945695,-0.22801806981813114,-0.5865877489264564,0.11230764806252089,0.02361516823785089,-0.35784784890407856,-0.41110628497628526,-0.27127705990020784,-0.638384360194409,-0.3553229853696259,0.6449729087157486,0.42422695278513567,-0.24187379879591037,0.9263278348394968,0.6657846256228268,-0.20903370172763158,0.9685479496676674,1.2540812532332595
-1.0537190927065396,-1.0208155679431485,-1.5275920188351146,-0.14294742424350595,-0.16881506367691468,-0.6080932605426008,-1.9437851411907143,-0.21469028632764212,0.12026224711971886,-2.4078272535092706,-1.893650010283886,-2.156293298313048,0.009909501758522007,-0.1428115764139509,-1.4540637918412378,-2.46275113887811,-2.269484534745964,-1.0119497760544063,-1.9659684831131268
-0.027404012561862867,-1.939775987789313,-0.7364959998999899,2.5099687733858365,0.8563617713262913,0.622325333902478,-0.5242340104166039,0.3948443279810089,1.4343290181095543,-0.8655786189840766,-0.8888846542329938,-2.572797189461576,0.6103438772266635,1.5221671839050248,0.6501985455091787,-0.04340182876143357,0.7293082938749224,0.39821846740464195,0.5018505356971977
-1.2826492067307935,-0.9357825135464511,0.19854000400018668,1.5580802788453416,1.927890641241806,0.2250904727631006,0.9989071251673867,0.6286440390973868,0.8834641391115066,0.356208474985927,0.28371239965102335,0.28051756030263986,0.16663649789679158,0.7100417549197015,0.9705493462894769,1.433512049986285,1.3852671332490174,1.5626617299790082,1.8244943876754354
0.004508946482312173,0.14652521427227963,-0.910010813788157,-0.7178559025719015,-1.2607461617141058,-1.4014569735372797,-2.3334052089776143,-0.7273721913603666,-0.5225139256841508,0.5179962653913381,1.1816361126746575,0.6444708960287633,0.06233708923614565,1.1626288315645086,2.5269182942219794,2.0857219288786233,2.055431528633531,1.891329657451531,1.8265402301518343
-0.4254263827355149,0.04647455857697516,-1.081113777406987,0.6606592855796796,-0.28705598318202685,0.8258646037037504,0.46455942976175074,0.6712143342585564,0.29801181183226444,0.3840234779898355,0.13241073465047531,-1.0218621405419728,-0.2093987056443127,-0.2969186350282686,-0.830215302426476,-0.4341807059096995,-0.09709602528713059,0.804719509236149,-0.7073463827412182
0.9051224781191365,-0.21449556653534405,0.5944917826942605,0.3152854971915758,-1.0855960530321866,-0.45228406414753575,-1.3972488580682167,0.10038300395759316,-0.4675485213784271,1.029605522629769,0.34879545644057053,-1.4868581575576922,0.8945710732937733,1.73703989685417,-0.5307085888988738,0.8283441533942034,0.6083343007789851,0.6266904360383907,-0.37883378665867773
0.4014995535353337,0.7478137191564275,0.7001008159602896,1.3256976512883356,1.6389942828770805,0.941273345531047,1.7033255302989934,0.3908477399802186,0.9101842449623695,0.8928626421482814,0.843706203488089,1.5023789145641155,0.6896013684606348,1.3164142683559137,1.7377991307956095,1.9533028622860111,2.1207415395017066,1.2623571273394096,2.264914084190205
0.9237371117994658,0.7835762507316568,1.014163826731421,-1.7089349620082908,-1.5152532712066609,-1.101010389599401,-1.6962811549359804,-0.7825863528265454,-1.1972395603608545,-1.6465440983610216,-2.166312567040433,-1.935980645317958,0.9919992252495946,1.0261109019127639,1.1131800242379148,1.3554456568257727,0.741230893867687,0.493931812071463,0.952167097048444
-0.6717922162691861,0.27192786244898143,-0.22698168338326744,2.2682053107453926,1.8003602681283728,0.8313744616043505,1.7996521620556372,-0.10622534394883712,-0.20560088102905805,-0.4925188561471657,0.41638683021781786,0.29495373974068984,-0.322093190053985,-0.1463738170713977,-2.442276937934907,-1.5402907783430195,-1.264429609996152,0.09007606186949477,-0.6051865912070312
0.4157683255169475,1.2013515368779013,0.10923660463681319,-1.44384908690349,-0.9181233801261892,-0.5907648139275554,-0.03309502731824471,0.5940160768055569,0.13315002476875304,-0.5930509627345403,-1.265462684100016,-2.081012865624508,0.329675035015758,-0.6454548310884771,0.366821181153449,-0.7730261285505032,-0.3299277453100605,0.5177187875421615,-0.24282043586381147
-1.2750221820864849,-0.7165343066386943,-1.542014367326437,-0.9831052445616433,-0.493918217127097,0.14021001869959782,-0.1192112425283527,-0.16257894800265466,-0.4703449535002808,0.7006985803481021,1.3120418216623622,2.7636039905119603,-0.17638032987084912,-0.1420214889228875,1.5057897477628193,1.7081051113860661,0.9002006563706358,-0.2891853915991826,0.5852584171817806
-0.26238768959680997,-0.36740956696609434,-0.9764488036844351,0.4302424938915256,-0.20710351877502142,-0.0807557881286637,0.5575701593501547,0.1624425509933111,-0.7658443966268597,-0.1553960965087103,0.7452862644273102,-0.12039071765467317,-0.6607240757378782,-1.3992583953003654,-1.132129577399895,-0.42766188258596005,-0.2916417837385865,-0.10588518928367911,-0.5003547959504666
0.8364337489771368,-0.499619661228445,0.2480826989064659,-0.8166132966758736,-0.9020170392628037,-2.113403362666062,-1.8473533410057297,-2.10295045734122,-2.8938993262852546,-1.3110836973888362,-0.12097392223675976,-0.0874511181333821,1.420157399655588,-0.03900926093381497,-0.8187813030290028,-0.7226897897091213,-0.48487111431358765,0.3109149537427176,-0.3806469950777585
0.49746494535512203,0.7647566681339486,0.09807685808823023,0.26816554169720236,0.1295116612971491,0.49927361533359704,1.475750752160758,0.7879821390310158,0.12712921130536356,0.3627516070773423,-0.07836548583036335,-1.1871531603745171,0.7430507037533703,-0.6219034852264387,-1.900066392112151,-2.7296931713447514,-1.7788784585168798,-0.433284883621578,-2.2248060443155055
0.5548793885540068,0.5445409345693593,0.5706960670939992,2.368917568316215,1.6603137668723105,2.1104856452910727,2.1252286315146423,1.13046231409705,1.1193321758011086,-0.04698680570100154,0.17368287122022494,0.18341217039253163,-1.3032014990062195,-1.1540270025272892,-0.9773419048210966,-0.3092202929542828,0.37344876447121267,0.143414522151714,-0.3082913772569327
0.16061718435932573,0.2771710364005575,0.7194114300645225,1.2996066862435163,0.9833241554355285,0.647494178113046,0.9123364378700201,0.46414706663921446,0.9806600835886541,-0.3264804727964175,-0.47003705685048536,-0.6916452319521579,-1.6275839217715018,-1.3840254778223462,-0.6982859500268416,-1.6338037577706486,-0.10262090903791218,-0.07259668826544412,-1.031431674405389
-0.9120641751250949,-1.4083191026692545,-1.2715682661512573,1.686423269607169,0.4176178871650094,1.0996701115058756,-0.2990198768819716,0.20649049730365363,0.5381152273894455,-2.5667963206003366,-2.0552886768701693,-2.3065904517278377,-1.0925916272214404,-0.38685859515764975,-1.1509257773830384,-0.8810971948403058,-0.7158516188373744,-1.07377487565082,-1.0139224652328338
1.5657382793014125,1.2698753022883031,0.9055052481188637,1.136528132282334,1.0311927644983887,1.2967963919449068,1.786421102012197,0.9168085653057781,1.0885822904479332,0.8719956433272095,0.7649345336545754,0.2198286397467225,0.38585123331060606,0.16358841133874316,-0.697938054794746,-0.05291104918189365,-0.38022057244095053,-0.10340982953918171,0.6387445919633029
0.5794609405021396,0.7812391653136104,1.1802027213937178,-1.3442634019545798,-1.4793915870785983,-0.6300811783404207,-0.11273146051657577,-0.2770461894211297,-0.6598995371064869,-0.1617592357538056,-0.8385458761614948,-1.2111069834956012,-2.0669285557663093,-2.428855706641008,0.7571188883161253,0.9054055363918905,1.3198065583218985,1.1345119158524157,0.9094764510706649
-1.1647461906772896,-1.0300457707126534,-0.15519705961499308,-0.5524596471363757,0.07446149132079723,0.29366374463773676,0.38330115920111196,-0.12972115383667732,0.11725211436952347,1.0005344135358185,0.4222648609982766,1.3459405524252217,-0.5830598517616232,-0.44866974640439367,-2.3211033156267895,-1.6533641428459813,-2.2855976440709806,-2.6197010744229465,-2.324191274650369
0.888483191289226,0.2583864304337644,0.9247695477109752,-1.6521895882162483,-1.370114601591531,-2.2875534187821023,-1.5236256847592418,-2.4145913742250196,-1.6591306111852104,-1.4971512877049775,-1.706897339020685,-1.6065984768140604,0.6114676080692104,0.6309285472235963,-1.1569812855530859,-2.0599493839161993,-1.4252337445716425,-1.86984897947786,-0.9899414691236798
-1.1909008743488279,-1.4936220764369383,-0.728492112790387,0.3931131023033242,1.2171823239533528,0.29168328913446995,0.07965582494192806,0.45364535191457794,0.721043684041145,-0.5575984938289069,-0.6424221889554469,0.093636144153133,1.1340997892349012,1.0172738299049051,-0.9142512140181094,-0.8561994097516696,-1.2714380796511362,-1.6800191658114598,-1.1396002191931083
-1.610243607904892,-1.3334287724944174,-0.15310069769612825,1.6603002157385465,2.5046607016276377,1.2549155989888818,1.730915350091345,0.7261486228117459,0.7906221651914774,-0.35759724296733464,-0.3695595277046809,0.5117667539442956,1.1239624789667801,0.19307208078999472,0.3100817797772469,0.5068860174407386,-0.06947036426970457,1.5375557442840182,1.3109318973677702
-1.0898877557971534,0.024032831691009712,0.2512126255922478,0.14967090815940445,1.0330054244151632,-0.09504026240124382,1.0686274764848118,-0.07683535741712083,0.7512586785750053,-1.344145364458797,-1.7301379908249392,-0.9741206185808673,-1.0919541768768046,-0.9015688208747691,1.195658701044271,0.270931447208525,1.1262638355326675,0.7524349183767971,1.4485189871083997
-0.22424135869772194,-0.04836246170676194,-0.711813838730979,1.0148817390322944,0.9467818359246799,1.177784646226573,0.6563562799992841,1.7734595348985138,2.0795791912730404,-0.19664852565709026,-0.3809332629127571,-0.7100078447227681,-0.5490539567574222,0.22116395564127003,0.6447586806059447,0.45567816578013004,0.84501421155743,-0.5508554615841706,-0.06042918789958769
1.6588778588712083,0.02105201248494534,1.5332581592433046,-0.01762431624385851,-1.0850242529841676,-0.9746401238696727,-0.46333953744518963,-1.4767402382747936,-1.862622155391621,1.9354126783196173,2.5369186077039236,2.1152968207407055,-0.12135603326529872,-0.13508429172108438,0.8688531310509467,1.057068637122301,1.1609070399487555,0.7792468113767966,0.9095230796832033
-1.2631272636464337,-1.1717273576499712,0.02221819677355224,-1.3288702448498169,-1.645275372091426,-0.1049727469437207,-0.46796940678442245,-0.6102548026381539,-1.0427300381243525,-0.6037191834491655,-1.8215849695889959,-1.1304350526715328,-1.150444524625005,-1.2122138205307382,0.6049371343660257,0.5736337366933499,1.0291135632482564,0.021039787224939877,-0.8452218141167003
-0.7573372934466228,-0.52255969429036,-0.6570948965740551,0.9373894429695687,1.0707165046231757,0.1479777083437384,0.4293842327051393,0.6811312840311546,0.6428629048839817,-0.39685168789518627,0.05932919044230877,-0.32982125542105895,-0.35273633632836593,-0.12113188393559543,-1.9145169574736007,-1.3357592259676423,-1.4250127691512726,-1.3438952219484717,-1.206092103783343
-0.21909128912780754,-0.25104667244217527,0.107459822962135,-0.9731391421787171,-0.7792985590154955,0.35417657265643315,0.2207841586996661,0.39024778251508035,-0.8178605597697167,0.46660619380528934,-0.0457780536388823,0.45369310327290857,0.7396543746122964,0.2273182074161997,-0.2772826101695037,0.9430018579206231,-0.07444714315248462,-0.6462021785394721,-0.6878064683598465
-0.11789517189762001,0.3267053061223051,1.0770952868805936,-0.14390122895754853,0.47696339760446016,-0.1227418660913235,0.49734205606235216,0.35330702489836796,-0.058536480267527814,0.2408831744632942,-0.5885966333745696,-0.6076874033934719,0.09599136077929096,-0.27359292020205866,-1.6954374183261944,-0.9846423690842881,-0.7813754950066647,-0.17167827713073913,-1.2182040898525988
0.26677539952005647,-0.2790542112438171,0.7030544721103141,0.7413643718595285,0.5962053011320718,0.36110190665600306,0.7766568032388338,-0.21006338571736577,0.7154168887230495,0.0923575956493486,-0.5219595915806714,-0.9282568124673642,0.5628195137454287,0.6224259911613955,0.4527304728760156,-0.119675300781217,-0.15717874263475512,0.47270153947367133,1.1915871121623887
-0.6138664234663886,0.06958928644086222,-1.6899825524988916,0.6633662119131992,-0.2717499163276638,-0.4139675868389841,-0.9293043721705609,-0.6797625893554438,-0.47426619997398556,-0.4526817059589226,0.8740248276591449,0.066673010103588,-0.8331450823827284,-0.755486546569573,0.5043068909522596,-0.056747647380296654,0.41023185438527454,2.272085008844834,1.0131815337241366
0.7154920694464793,0.035977501009645835,0.1612793277937823,1.976797240249165,1.5547204094703762,1.2178547960403252,2.0060782312973693,0.5591259353396116,0.0071279533753007655,0.3888099399990538,1.7420982896688568,1.8385849401110028,-0.43222205125593866,-1.0659216455009155,-0.0756399546528366,1.0598737405101644,0.8534494747386403,0.49956432349816043,1.3151104090584218
0.15775294076497817,-1.4441779946279378,0.5919853574390088,0.44318166038939494,-0.6766229884518218,0.3235291224821998,0.20189053661406303,0.654170340189004,-1.4056157510003178,1.2916240168066795,0.8723157238818586,-0.5588810892937567,0.9987540715301402,-0.3511882685111544,-1.6820113186118333,0.3148614427618699,-0.54997325901278,0.4888446021703533,-1.2866903676147377
0.9146628337466697,0.8684603456326787,0.6964717433419095,0.6368024350035403,0.9181560253977233,0.8680890832036815,1.3124553703213482,0.9196392739022295,-0.14411628764649745,-0.609307568559489,0.07384679253226954,0.039254776422328976,-0.6222287873859164,-2.465603149459103,-1.5325672098786194,-0.9403393355107107,-0.9356487512631325,0.5061849360117605,-0.4880317402394541
-0.7860783542763602,-0.7927524444835066,-1.4243317734144159,1.6938309637968179,1.832956289609483,1.628059263316905,1.3079206009057502,1.7637802825629716,1.5178504489153948,0.18591995481794635,0.13003488716673037,0.42097212990872207,1.9210732367606242,2.3211662502566983,-0.20037180987912634,0.3872421674775045,0.5661989908086724,-1.1829983506906778,-1.038873384002855
0.1800467352151765,1.1086584955563803,-0.5561222141833893,0.3150686882644842,0.47115350348763896,0.28309957879408487,0.3394298361600692,1.4738002620980135,0.2596207992510732,-0.13230455792932272,0.7214150658337415,0.37122978290394865,-0.05791226821429757,-0.27257315123953446,0.3347688921711603,0.8141252475429853,0.8134714576530278,0.7430278202505302,0.09338629853530808
-0.09621819275221012,-0.29284987921409467,-0.2313725794470435,0.9734534186774036,0.43449695186354925,0.7303891998890241,-0.049512060129473075,0.09083018258018628,0.28266425366356235,-0.6194652891048179,-0.18106807896361982,-0.4759365703653343,-0.583882668215666,-0.6451748379366911,-1.0579291630565029,-0.5917297800248488,-1.1860935002981183,0.2684600113717004,0.028552609217307953
-0.6537392136320583,-0.0002303989460165583,-0.40629615823103693,-0.7260455684763344,-0.14596947078267664,0.2684901837556886,0.421897749522064,-1.0315758503206585,-0.9071120117875662,-2.0585767736361236,-2.14054802963122,-0.601689098114007,0.5965992896947366,-0.3004965704470414,0.5375486103235729,0.13564111605417156,0.047613260035011214,0.36187209890784117,0.6691742652242736
-0.3737811769529144,-0.5027358510217188,-1.4645966130643404,1.3136416125365702,-0.019669800032929112,1.136915008756621,0.17695390958816318,1.4519689751430505,0.010023684546257967,0.5402963710002094,1.5983118132570207,0.2203738965496116,-0.8083505383268076,-1.430406863319617,-0.4934871683711655,0.7167870521707287,0.19010499207976267,1.528589675774752,-0.13956319704398662
0.8134861937401562,0.34864791078326307,1.1430778132871466,-0.8480939886146043,-1.1578589622909286,-1.0387433939996202,0.03731012290623205,-1.614844344106731,-0.9929883162310909,1.460530387504068,1.7081357064450395,1.4806297632626821,-1.7683613077465996,-1.5056852394290174,0.016650701533031578,0.14819576532459744,-0.35691810125340584,-0.1763812438482916,1.3379018899704718
0.9626808857502442,1.1898989587392246,1.3993281798648987,0.8527888831932181,1.7694665457419878,0.729862072549639,1.3317251703220963,1.2962716802995655,0.8228164796947038,0.7718359526132886,0.7884344613341483,0.9246154286402135,0.6478327857161856,-0.1376457221384005,-1.6525199774320827,-1.4272268888803645,-1.3752468108612068,-0.3401867517410297,-1.193225270156743
-0.0834449377353111,0.9702777652718496,0.5539557452000146,1.6150640263242415,2.165861130242825,1.8761906895424711,2.648043258656286,1.9141699439770374,2.22254027986533,0.2864389128829158,-0.06855614902753969,0.08197497276280317,-0.9127334228387872,-0.8065306892322824,-0.394113097298886,-0.5581194502069575,-0.11167591977763135,-0.040799457622742584,0.029672719587755057
0.9323121588334323,1.5157931351707414,0.39026817556153626,0.8898040918762713,1.3026986653850725,1.0818532038667774,1.8683231046934812,0.7894121181814673,0.5823309980038984,-0.3503967479314211,0.6896726589129761,1.259274207202331,-1.3819247660991882,-2.05605872403585,-1.6231717823166978,-1.7596020839182933,-1.2464319690939099,-1.2408186413958167,-1.1084512790728722
0.9606648027391476,0.14411328453000405,0.8243086462964335,-0.11616340288273252,-0.37577219064333867,0.48196183081930644,-0.4067563080731081,-0.1029479339110032,-0.1312592342100983,-0.18506949793633465,-0.4424763827000093,-0.497700947009858,0.6640057564386135,0.40395488673764496,-0.18484679613794977,0.41104837824517165,-0.8069184327040865,0.1041573729920132,0.5349684171156104
0.4836045632909022,0.6003109873493024,1.1689668825020543,-0.07616549807878613,0.389998512890015,-0.511629257012914,0.9261416427449413,-0.07298045936866979,0.1928684959587416,1.3872522468306718,0.4421583202161264,-0.40599525448864154,1.4771101645953706,0.830690216365939,0.1404899533158583,-0.8035150808295107,-0.35274064310952197,1.1666739500961172,0.5048279092395735
0.06369080853559624,-0.09408239273358261,-0.48268023860968445,0.1427483310866454,-0.4717095031267294,0.41484046973230804,-1.2093931160609313,-1.0851681517309937,-0.155500702359888,0.585663913600581,0.7189557155268123,1.4066647881389558,0.3038617896761471,1.0405506474351465,0.6634265739184906,0.1582217249328942,-0.002661669477195269,0.7057349875252649,0.16409233362826128
0.3710370114022827,-0.04770261036637151,0.9168151686328395,0.8182762897983388,1.0817462787921883,0.02142773984186035,1.4493367732653277,1.0450256027228346,1.2915827089895533,1.0451941969358205,0.1070425003433516,-1.283031689013677,0.9076693405501862,0.3302683616963496,0.6345233098455287,-0.30405431368999025,0.5245717169697857,1.0607153263373608,0.8011516647395328
-0.6714088650450787,-1.0259868563313608,-0.9648105587323951,1.0405834342125377,0.40708016191436647,1.3579716425484085,0.7257373461877173,0.7066807820355135,0.6834826045574204,1.3791946687931196,1.4278661662574819,1.454131721775911,-0.20601735017236086,0.009307044433898976,0.19023549289379804,0.6182570944928653,0.39266221069339435,0.03168537011633891,-0.2200627637296358
1.0122154813621278,0.45775979293460384,0.887986722372732,-1.0100046709243995,-1.2970348875908195,-1.2165044151800264,-0.6824543910173431,-0.9023985781907775,-1.9238077454030333,1.4153387561436455,1.7740324126418487,1.784355523626459,-0.12000623420769986,-0.3522211182409811,0.36499779847908287,1.045291672584775,1.3086272860701067,0.3864029597244622,-0.08071192798750819
-0.18966514287911923,-0.5572814699989479,0.30491624593762645,0.22547940115560425,0.3114917024352532,-0.055991595247980384,0.01654120960061445,-0.404219263304175,-0.4415372030021629,-2.4571796311120604,-2.1323153605611016,-1.7391958498048583,-0.6807204132117028,-0.9781649085306222,-1.1991018605691524,-0.5408499205171385,-0.9166757835711473,-1.0386932554489636,-0.07515215951974343
0.6542205161644552,-0.048025998808983575,-0.23631847827152574,-0.756963549918984,-1.0336291477756114,-0.6216581755726208,-1.0525114446286306,0.18268996102540105,-0.6119627032480954,-1.385409263870364,-0.353314034308554,-1.1899931543213484,-1.7579868362607218,-3.143574965369109,-1.0319811370958296,-1.2084252616771494,-1.4191109028339315,-0.3539564546099728,-0.7390787095059299
1.1327627402894023,-0.2418795112866409,-1.319795018739367,1.5099320108652046,0.9546841479090609,2.4858840983618085,1.4869226500304416,2.0474822104170802,1.254624329835373,0.38707087495324705,1.3634822938438949,1.626587267987522,1.215265654301131,0.2751134974954107,0.6987275719044035,0.44114847868700613,0.4814087366110245,-1.3635324993372449,-0.9542850408814764
-0.7038301984655869,-0.078417658002108,-1.6184406461818297,-2.764684475568569,-2.2263241458986776,-2.3607731336309685,-2.484773719275108,-1.2008898706952063,-1.8965405283332903,-1.3378232998058048,-1.19617498061481,-1.5096897273215455,1.6047795077981022,0.4586911646102846,1.0112010016840889,0.004540415396425488,0.06688306422490185,1.060675608006551,0.034167341264962174
0.6510882833286725,1.2356448716217372,0.8313078375809838,-2.2885197339377314,-1.8794884804474847,-1.5636086716974456,-1.1820265343599408,-2.0912685985832726,-1.4067356701512639,0.5636935988407555,-0.0026741382890386823,0.8136314753800151,0.06133125260652003,0.4762212281409588,0.1332109110534302,-1.10809250339917,-0.6029136846053926,-0.7818221239420227,-0.7733772752125002
